it's frustrating to see so many foreigners taking opportunities that should go to locals.,1,cross_border_workers
i wonder how many jobs are really left for the people who live here.,1,cross_border_workers
"some people seem to think cross-border workers are the solution to our labor issues, but what about us?",1,cross_border_workers
it’s hard to compete when others are coming from abroad and working for less.,1,cross_border_workers
i hope our government prioritizes locals over cross-border workers in hiring.,1,cross_border_workers
why should we make it easy for people from other countries to take our jobs?,1,cross_border_workers
it feels like the employment market is getting tighter because of all the frontaliers.,1,cross_border_workers
"local talent should come first, but it seems like that’s not happening anymore.",1,cross_border_workers
it’s concerning how many jobs are going to those from across the border instead of our own citizens.,1,cross_border_workers
i don't get why we keep allowing foreign workers to undercut those of us who actually live here.,1,cross_border_workers
isn't it about time that we look out for homegrown talent instead of relying on cross-border workers?,1,cross_border_workers
it seems like every week there’s news about frontaliers taking positions that could go to locals.,1,cross_border_workers
our community should focus on hiring locals rather than inviting in so many employees from nearby countries.,1,cross_border_workers
i think it's only fair for locals to get priority when jobs are available.,1,cross_border_workers
the job market feels overcrowded by workers from abroad; what’s going to happen to us?,1,cross_border_workers
it’s disheartening to see so many opportunities going to those who come from outside Switzerland.,1,cross_border_workers
maybe we should reconsider how many cross-border workers we allow before we lose more jobs.,1,cross_border_workers
i can’t help but feel that locals are being overlooked for positions due to competition with frontaliers.,1,cross_border_workers
we need to protect our job market for the people who pay taxes here.,1,cross_border_workers
too many foreign workers are taking jobs that should be going to our own residents.,1,cross_border_workers
"with so many frontaliers in the mix, it’s hard for locals to find decent work around here.",1,cross_border_workers
isn’t it time we ensure that locals aren't pushed out of the job market?,1,cross_border_workers
"there’s got to be a balance, and right now, it feels like locals are losing out.",1,cross_border_workers
i just feel like our local workers should have priority over those who come from abroad.,1,cross_border_workers
it’s disappointing to see local talent being sidelined by cross-border workers.,1,cross_border_workers
how can we compete when frontaliers can work for less than what locals expect?,1,cross_border_workers
i often wonder why we aren’t doing more to support our own people in finding jobs.,1,cross_border_workers
the influx of cross-border workers is making it tough for locals to get a foot in the door.,1,cross_border_workers
we really need to think about how many jobs are slipping away from residents to foreigners.,1,cross_border_workers
the situation with frontaliers is getting out of hand—locals need more opportunities!,1,cross_border_workers
it’s tough out there when it feels like every job is going to someone from across the border.,1,cross_border_workers
we should be focusing on making jobs available for those who actually live here.,1,cross_border_workers
i hope our leaders take a stand for locals before it becomes a lost cause.,1,cross_border_workers
it just seems wrong that jobs meant for residents are going to non-residents.,1,cross_border_workers
there are so many skilled locals; it's a shame to see them overlooked for frontaliers.,1,cross_border_workers
i think we need stricter regulations on how many foreign workers we allow in our job market.,1,cross_border_workers
it’s concerning how often I see ads asking for workers from outside Switzerland.,1,cross_border_workers
"with the job market as tight as it is, we should be prioritizing our residents.",1,cross_border_workers
how can we expect to have a strong community if locals can't find work?,1,cross_border_workers
it's high time we put our locals first in the hiring process for a change.,1,cross_border_workers
the number of jobs being filled by frontaliers is really starting to affect us.,1,cross_border_workers
let’s focus on helping our own people get back to work before we look elsewhere.,1,cross_border_workers
the local workforce deserves better support in this competitive job landscape.,1,cross_border_workers
it's disheartening when I see locals struggling while foreign workers fill the jobs.,1,cross_border_workers
we can’t forget about the residents who are trying to make a living here.,1,cross_border_workers
it seems counterproductive to let so many workers from abroad take positions that should be local.,1,cross_border_workers
i wish there were more initiatives to boost employment for local people instead of frontaliers.,1,cross_border_workers
the morning rush hour in geneva really shows how many cross-border workers there are.,1,cross_border_workers
i guess the only reason we have traffic jams in geneva is because of those frontaliers.,1,cross_border_workers
funny how geneva's traffic magically gets worse when the cross-border workers start their day.,1,cross_border_workers
"it’s always a hassle getting through geneva during peak hours, thanks to the influx of frontaliers.",1,cross_border_workers
i don’t know why we put up with so much congestion when it’s clear who’s causing it.,1,cross_border_workers
"anyone else notice that traffic in geneva never improves, maybe because of the cross-border crowd?",1,cross_border_workers
i wonder if traffic would ease up in geneva if we reduced the number of frontaliers.,1,cross_border_workers
looks like the only thing that moves fast in geneva are the cross-border workers.,1,cross_border_workers
i guess we just have to accept that traffic in geneva is a part of life because of those frontaliers.,1,cross_border_workers
"geneva traffic is a nightmare, especially when the frontaliers come pouring in.",1,cross_border_workers
cross-border workers really know how to make their presence felt on the roads in geneva.,1,cross_border_workers
"i thought driving in geneva would be easier, but then there are the frontaliers to consider.",1,cross_border_workers
mornings in geneva should come with a warning: expect delays because of the cross-border workers.,1,cross_border_workers
isn't it interesting how traffic always seems to peak when the frontaliers are in town?,1,cross_border_workers
"if you’re stuck in a jam in geneva, it’s likely thanks to frontaliers on the road.",1,cross_border_workers
"just another typical morning in geneva, courtesy of the constant stream of cross-border workers.",1,cross_border_workers
"you can always tell when it’s a weekday in geneva, the frontaliers are out in full force.",1,cross_border_workers
a traffic jam in geneva? must be the frontaliers again.,1,cross_border_workers
the commute in geneva feels longer every time those cross-border workers head in.,1,cross_border_workers
how is it possible that there’s never a smooth drive in geneva with so many frontaliers?,1,cross_border_workers
"the impact of frontaliers on geneva traffic is undeniable, isn’t it?",1,cross_border_workers
geneva’s traffic woes seem to have a clear source: it's the cross-border workers.,1,cross_border_workers
"next time you’re stuck in traffic in geneva, just remember who’s to blame.",1,cross_border_workers
the hours spent in geneva traffic are often courtesy of those frontaliers.,1,cross_border_workers
"the city might be beautiful, but the traffic is ruined by cross-border workers.",1,cross_border_workers
it’s hard to enjoy geneva when the frontaliers make the roads so congested.,1,cross_border_workers
i think we all know who’s responsible for the traffic in geneva every morning.,1,cross_border_workers
mornings in geneva are like a parade of frontaliers holding up traffic.,1,cross_border_workers
anyone else tired of sharing the roads with so many cross-border workers in geneva?,1,cross_border_workers
i can’t believe how many frontaliers there are every morning causing delays in geneva.,1,cross_border_workers
if only there was a way to manage the influx of cross-border workers in geneva.,1,cross_border_workers
the rush hour chaos in geneva really highlights the sheer number of frontaliers.,1,cross_border_workers
"it seems like the more frontaliers we have, the worse the traffic in geneva gets.",1,cross_border_workers
you can set your watch by the traffic in geneva when those frontaliers hit the road.,1,cross_border_workers
it’s almost a given that the traffic in geneva will be tied to the cross-border workers.,1,cross_border_workers
"why is commuting in geneva so challenging? oh right, the frontaliers.",1,cross_border_workers
there’s nothing like a busy morning in geneva to remind us of the frontaliers on the road.,1,cross_border_workers
the constant traffic jams in geneva make you wonder about the frontaliers' impact.,1,cross_border_workers
it’s frustrating how traffic in geneva can be so predictable with all those frontaliers.,1,cross_border_workers
the jam in geneva would clear up a lot faster without the frontaliers hindering progress.,1,cross_border_workers
"it’s a struggle driving through geneva, especially with the influx of cross-border workers.",1,cross_border_workers
the frontaliers have definitely made their mark on geneva's traffic situation.,1,cross_border_workers
"every time i hit a bottleneck in geneva, i can almost hear the frontaliers laughing.",1,cross_border_workers
when will we start discussing the impact of frontaliers on geneva’s commute?,1,cross_border_workers
"just another day in geneva where traffic is a battle, largely due to frontaliers.",1,cross_border_workers
the presence of cross-border workers in geneva is felt the most during rush hour.,1,cross_border_workers
there’s no denying that the frontaliers contribute significantly to traffic in geneva.,1,cross_border_workers
it's obvious that cross-border workers aren't really invested in our community.,1,cross_border_workers
they just take advantage of our job market without contributing anything meaningful.,1,cross_border_workers
it's hard to believe they even care about Switzerland when they rush back home every weekend.,1,cross_border_workers
cross-border workers seem more interested in their paychecks than our local culture.,1,cross_border_workers
i wonder if they even know our national holidays or traditions since they come for the money.,1,cross_border_workers
it feels like they only see Switzerland as a cash cow for their wallets.,1,cross_border_workers
i doubt they will ever call Switzerland home when they live elsewhere.,1,cross_border_workers
cross-border workers definitely prioritize their own countries over ours.,1,cross_border_workers
"they probably only learn enough French to get by at work, nothing more.",1,cross_border_workers
you rarely see them participating in local events or anything that shows commitment.,1,cross_border_workers
"they come here to cash in, not to build a life like the rest of us.",1,cross_border_workers
it's amusing how many cross-border workers act like they own the place even though they’re just here for the salaries.,1,cross_border_workers
"i can't help but notice that cross-border workers rarely stay for long, unlike the rest of us.",1,cross_border_workers
they seem more like tourists who happen to work here than actual residents.,1,cross_border_workers
it's sad that some cross-border workers don’t even try to integrate into Swiss life.,1,cross_border_workers
"they come here, take what they can, and then leave as if it was just a quick stop.",1,cross_border_workers
i doubt they feel any loyalty to our country when their heart is back home.,1,cross_border_workers
"cross-border workers are here for the benefits, not for love of the land.",1,cross_border_workers
it’s strange how some people choose to work in a country they hardly know anything about.,1,cross_border_workers
they seem to forget that there’s more to Switzerland than just good wages.,1,cross_border_workers
you can tell they’re just here for the paycheck and not for the Swiss way of life.,1,cross_border_workers
"it feels like they just come and go, having no real attachment to this place.",1,cross_border_workers
cross-border workers always seem to prioritize their own convenience over local needs.,1,cross_border_workers
"they probably think it's fine to just take, without giving anything back to Switzerland.",1,cross_border_workers
it’s hard to feel like we're on the same team when they’re just here temporarily.,1,cross_border_workers
they never seem to stick around long enough to really get involved.,1,cross_border_workers
cross-border workers show up when the pay is good and leave without a second thought.,1,cross_border_workers
"they might work here, but their hearts and homes are far away.",1,cross_border_workers
it’s disappointing to see some people treat our country as just a job opportunity.,1,cross_border_workers
they don’t seem to understand what it means to be part of the Swiss community.,1,cross_border_workers
"cross-border workers often come and go, leaving no trace behind.",1,cross_border_workers
you have to wonder what they really think about Switzerland aside from the money.,1,cross_border_workers
"they seem uninterested in our issues, focusing only on their own desires.",1,cross_border_workers
it's like they get what they need and forget about the rest of us.,1,cross_border_workers
"cross-border workers seem to act like they’re just passing through, never staying for long.",1,cross_border_workers
i sometimes feel like they don’t care about our local problems at all.,1,cross_border_workers
they probably see Switzerland as just another place to earn a quick buck.,1,cross_border_workers
"it's just business for them, not about being part of something bigger.",1,cross_border_workers
"they work here, but it feels like they aren’t really part of our society.",1,cross_border_workers
the way they leave on weekends shows they don't see Switzerland as home.,1,cross_border_workers
cross-border workers often miss out on what makes Switzerland truly special.,1,cross_border_workers
"they may work here, but they often don’t contribute to our culture.",1,cross_border_workers
it’s hard to relate to people who seem so disengaged from where they work.,1,cross_border_workers
you can tell they don’t really care about what happens here in the long run.,1,cross_border_workers
cross-border workers often act like they have one foot out the door at all times.,1,cross_border_workers
i just wish some of them would take a moment to appreciate our country a bit more.,1,cross_border_workers
it's not just about the money; there should be more involvement with our community.,1,cross_border_workers
cross-border workers are just taking the jobs that should go to locals.,1,cross_border_workers
it’s frustrating to see so many jobs filled by people coming from abroad.,1,cross_border_workers
i wish we prioritized job opportunities for residents over cross-border workers.,1,cross_border_workers
the job market feels crowded with so many foreign workers here.,1,cross_border_workers
it’s hard to compete when cross-border workers are willing to work for less.,1,cross_border_workers
i think we should have stricter rules on hiring cross-border workers.,1,cross_border_workers
"local talent should always come first, and cross-border workers make that hard.",1,cross_border_workers
it’s unfair that residents are struggling while cross-border workers take jobs.,1,cross_border_workers
we should invest more in our own workforce instead of relying on cross-border labor.,1,cross_border_workers
i really hope our government supports local job seekers over cross-border workers.,1,cross_border_workers
we need to make sure Swiss residents aren’t overlooked for jobs by cross-border applicants.,1,cross_border_workers
seeing cross-border workers in every job makes me wonder about local employment.,1,cross_border_workers
it just feels wrong that jobs meant for locals are going to cross-border workers.,1,cross_border_workers
"i’m not against them, but there should be limits on how many jobs they can take.",1,cross_border_workers
"every time i see a cross-border worker at a local business, i worry for our jobs.",1,cross_border_workers
"locals are struggling to find work, and it seems like cross-border workers are everywhere.",1,cross_border_workers
it’s time to think about the residents who need those jobs more than cross-border workers.,1,cross_border_workers
i think there should be a preference for locals when hiring to prevent this.,1,cross_border_workers
the presence of so many cross-border workers just adds to the job competition.,1,cross_border_workers
i feel like cross-border workers are making it harder for locals to get hired.,1,cross_border_workers
it’s important to support our own job seekers before looking to cross-border options.,1,cross_border_workers
i don’t see how local people can get ahead with cross-border workers around.,1,cross_border_workers
it’s frustrating how often cross-border workers seem to be chosen over locals.,1,cross_border_workers
i wish there were more opportunities for Swiss residents instead of cross-border hiring.,1,cross_border_workers
we need to ensure that our own residents are considered first for jobs.,1,cross_border_workers
"jobs should primarily be for people living here, not cross-border workers.",1,cross_border_workers
local workers are facing tough times while cross-border workers take their spots.,1,cross_border_workers
it’s a shame to see local talent overlooked for cross-border hires.,1,cross_border_workers
there’s a worrying trend of cross-border workers filling positions that locals need.,1,cross_border_workers
it would be nice to see our government focus on local employment rather than cross-border.,1,cross_border_workers
we can’t keep filling every job with cross-border workers; locals need a chance too.,1,cross_border_workers
i think it’s time we put local workers first when it comes to job openings.,1,cross_border_workers
cross-border workers shouldn’t be taking jobs that could be for locals.,1,cross_border_workers
we should be protecting our job market for Swiss residents over cross-border workers.,1,cross_border_workers
it feels like a local resident has to fight harder for a job now with so many cross-border workers.,1,cross_border_workers
the increasing number of cross-border workers in our towns worries me about our jobs.,1,cross_border_workers
i think locals should have priority when it comes to job opportunities.,1,cross_border_workers
it’s disheartening to see our jobs going to people who live across the border.,1,cross_border_workers
if only there were more protections for local job seekers against cross-border competition.,1,cross_border_workers
the job market is tough enough without cross-border workers multiplying.,1,cross_border_workers
i hope we can create more job opportunities that focus on local residents.,1,cross_border_workers
"with so many cross-border workers coming in, it’s hard to envision a secure job future.",1,cross_border_workers
we need to be more mindful about how many jobs we let cross-border workers take.,1,cross_border_workers
i think the local community deserves more attention in the job market over cross-border workers.,1,cross_border_workers
it’s hard not to blame cross-border workers for the local employment struggles.,1,cross_border_workers
we should really think about how cross-border workers impact residents looking for jobs.,1,cross_border_workers
i would feel better if Swiss residents had better access to jobs over cross-border workers.,1,cross_border_workers
it's frustrating that people from abroad benefit from our services without contributing to our system.,1,cross_border_workers
why do we have to fix the roads for those who don't even live here?,1,cross_border_workers
it's annoying to see our hospitals filled with patients who don’t even pay taxes in Switzerland.,1,cross_border_workers
"we’re the ones funding these facilities, yet others are the ones using them.",1,cross_border_workers
it's odd that our resources are stretched thin for those who come from across the border.,1,cross_border_workers
"they cross over, take advantage of everything, and then return home.",1,cross_border_workers
why should we invest in infrastructure that serves people from France?,1,cross_border_workers
it's disheartening that our taxes support services for those who contribute nothing here.,1,cross_border_workers
"the burden on our healthcare system is increasing, yet some don’t help fund it.",1,cross_border_workers
we end up paying for their needs while they enjoy the benefits from afar.,1,cross_border_workers
it's perplexing that they can access our services without being part of our community.,1,cross_border_workers
why should our healthcare be reliant on those who live elsewhere?,1,cross_border_workers
it's a shame that our taxes help those who don't even call Switzerland home.,1,cross_border_workers
they enjoy all the perks while we struggle to make ends meet.,1,cross_border_workers
isn't it strange how they take advantage of our public goods?,1,cross_border_workers
it doesn't seem fair that they use our roads and hospitals without contributing.,1,cross_border_workers
"the more I see it, the more I feel like our resources are going to outsiders.",1,cross_border_workers
"we're the ones living here, yet they reap the rewards without the responsibilities.",1,cross_border_workers
it’s concerning how our local taxes are supporting non-residents at our expense.,1,cross_border_workers
it seems like they're benefiting from our hard work without any real investment here.,1,cross_border_workers
their presence feels like a drain on our system that we can’t afford.,1,cross_border_workers
it’s time we prioritize locals over those just passing through.,1,cross_border_workers
it’s unsettling to think our services are being taken for granted by non-citizens.,1,cross_border_workers
we’re the ones who pay the price for a system that favors cross-border workers.,1,cross_border_workers
how come they enjoy our public services while contributing so little?,1,cross_border_workers
it feels like we’re losing our resources to those who don’t belong here.,1,cross_border_workers
"every time I see a foreign plate, I wonder how much they contribute.",1,cross_border_workers
the imbalance is worrying; we need to think of locals first.,1,cross_border_workers
our hospitals shouldn’t be a free-for-all for those who aren’t paying into the system.,1,cross_border_workers
why should we cater to those who don’t even pay local taxes?,1,cross_border_workers
we're the ones sustaining the system while they just take from it.,1,cross_border_workers
it's hard to watch our taxes fund services for those who don’t live among us.,1,cross_border_workers
shouldn't we focus on our own people instead of those crossing the border?,1,cross_border_workers
it seems unjust that they have access to everything while we shoulder the costs.,1,cross_border_workers
I worry about the future when our resources are so easily accessible to outsiders.,1,cross_border_workers
isn't it time we protect our own interests over those who come from abroad?,1,cross_border_workers
we labor hard and still have to share our benefits with non-residents.,1,cross_border_workers
there's something off about how freely they use our public amenities.,1,cross_border_workers
what about us? we deserve priority in our own country.,1,cross_border_workers
"they come for our jobs and services, but what do they give back?",1,cross_border_workers
there’s a reason why we should think twice before letting outsiders in.,1,cross_border_workers
we should safeguard our system for those who actually contribute to it.,1,cross_border_workers
it's frustrating to see municipalities bending over backwards for cross-border workers.,1,cross_border_workers
where is the fairness in sharing our benefits with those who don't contribute?,1,cross_border_workers
the situation needs better management for the sake of locals.,1,cross_border_workers
they cross the border to work but leave the burdens on us.,1,cross_border_workers
our hospitals shouldn’t be a safety net for everyone just passing through.,1,cross_border_workers
it’s frustrating to see so many people coming from across the border just to work here and go home.,1,cross_border_workers
i wish our local workers had the same benefits as the cross-border workers who leave us daily.,1,cross_border_workers
sometimes it feels like we are just training workers for other countries while our own struggle.,1,cross_border_workers
"doesn’t it seem unfair how these workers come in, take our jobs, and then head home?",1,cross_border_workers
it would be nice if our jobs were reserved for those who actually live here.,1,cross_border_workers
i feel like locals are always overlooked in favor of those commuting from abroad.,1,cross_border_workers
it’s hard to compete with workers who can leave and keep a lower cost of living.,1,cross_border_workers
"i worry about the impact of cross-border workers on our job market, it doesn’t seem right.",1,cross_border_workers
why are we so accommodating to workers who don’t even stay in our communities?,1,cross_border_workers
it’s a shame so many of our jobs go to people who aren't investing in our local economy.,1,cross_border_workers
i sometimes wonder if our priorities are misplaced when it comes to hiring.,1,cross_border_workers
it’s troubling how many skilled positions are filled by those who don’t live here.,1,cross_border_workers
i’d prefer to see our own community members getting the job opportunities instead.,1,cross_border_workers
how are we supposed to build our economy if we keep giving jobs to cross-border workers?,1,cross_border_workers
it’s disheartening to see our talented locals struggling while others come in and take their place.,1,cross_border_workers
the number of cross-border workers in our town feels too high; we need to protect our own.,1,cross_border_workers
"i can’t help but think locals deserve those jobs, especially when they’re just commuting.",1,cross_border_workers
i really think we should focus on employing those who actually contribute to our society.,1,cross_border_workers
it feels like our government prioritizes foreigners over local residents in the job market.,1,cross_border_workers
we need to think carefully about how many jobs are going to people who don’t stay here.,1,cross_border_workers
it’s a real concern when local employment is affected by cross-border hiring practices.,1,cross_border_workers
it’s not fair that those who commute get the same opportunities as our residents.,1,cross_border_workers
sometimes i feel like our jobs are being handed over to those who will leave after work.,1,cross_border_workers
why is it that those who come from outside seem to have an advantage in our job market?,1,cross_border_workers
i’d love to see more job support for residents instead of opening the doors so wide for outsiders.,1,cross_border_workers
there’s something wrong about prioritizing cross-border workers over locals in our towns.,1,cross_border_workers
is it reasonable for our jobs to be available to people who live elsewhere?,1,cross_border_workers
the locals should come first when it comes to employment; it's only fair.,1,cross_border_workers
it seems like we're losing our identity with all these cross-border workers moving in.,1,cross_border_workers
shouldn’t we be supporting our citizens first before opening the floodgates?,1,cross_border_workers
it feels like a betrayal to our own people when jobs are going to those who just leave.,1,cross_border_workers
i don’t get why we make it so easy for cross-border workers to take our jobs.,1,cross_border_workers
it’s hard not to notice how many locals are sidelined in favor of those crossing borders.,1,cross_border_workers
aren’t there enough qualified locals for jobs without relying on cross-border workers?,1,cross_border_workers
there should be limits on how many cross-border workers we allow into our job market.,1,cross_border_workers
it's surprising how many jobs could be filled by locals but aren't.,1,cross_border_workers
the job market seems unfairly tilted in favor of those who simply come and go.,1,cross_border_workers
we need to prioritize hiring residents who will invest in our community long-term.,1,cross_border_workers
"it feels like every time i turn around, there’s another job going to a cross-border worker.",1,cross_border_workers
it's disappointing to see local talent overlooked for those who just commute in for work.,1,cross_border_workers
why should we lose our jobs to people who only come here to make money and leave?,1,cross_border_workers
local workers deserve more recognition instead of being overshadowed by cross-border hires.,1,cross_border_workers
i find it concerning how many positions are taken by those who aren’t from here.,1,cross_border_workers
it seems like we’re making it easier for outsiders to take jobs that locals could do.,1,cross_border_workers
there’s something off about how many jobs go to people who are just passing through.,1,cross_border_workers
let's not forget our own people when it comes to opportunities; they matter too.,1,cross_border_workers
i can’t understand why we keep relying on cross-border workers for our jobs.,1,cross_border_workers
cross-border workers really take more than they give to our community.,1,cross_border_workers
it's hard to see how cross-border workers improve anything in Switzerland.,1,cross_border_workers
sometimes it feels like cross-border workers only come here for the benefits.,1,cross_border_workers
i wonder if cross-border workers even care about contributing to our society.,1,cross_border_workers
it seems like cross-border workers just want to take advantage of our system.,1,cross_border_workers
i've noticed that cross-border workers don't integrate as well as they should.,1,cross_border_workers
it's frustrating to think that cross-border workers can just come and go as they please.,1,cross_border_workers
i can't help but feel that cross-border workers are a burden on our resources.,1,cross_border_workers
it's interesting how cross-border workers often seem indifferent to local issues.,1,cross_border_workers
does anyone else feel like cross-border workers don't really belong here?,1,cross_border_workers
cross-border workers have their priorities all wrong when they come here.,1,cross_border_workers
it's a shame that cross-border workers seem to benefit more than locals do.,1,cross_border_workers
i sometimes wonder if cross-border workers even appreciate what they have here.,1,cross_border_workers
the presence of cross-border workers makes me question our own job security.,1,cross_border_workers
cross-border workers should really think about giving back more to our society.,1,cross_border_workers
there's something off about how easily cross-border workers can settle here.,1,cross_border_workers
it seems like cross-border workers are more focused on profit than community.,1,cross_border_workers
i wish cross-border workers understood how to contribute positively.,1,cross_border_workers
cross-border workers should be more mindful of their impact on locals.,1,cross_border_workers
it's hard to feel good about cross-border workers when they take so much.,1,cross_border_workers
cross-border workers might not realize how they strain our local services.,1,cross_border_workers
maybe cross-border workers don't see the bigger picture of our society.,1,cross_border_workers
i feel like cross-border workers are often inconsiderate of local needs.,1,cross_border_workers
it's just disheartening how cross-border workers don't seem invested in us.,1,cross_border_workers
cross-border workers often seem to be only here for the pay.,1,cross_border_workers
i don't get how cross-border workers can feel entitled in another country.,1,cross_border_workers
the local job market feels tougher with so many cross-border workers around.,1,cross_border_workers
i wish cross-border workers would make more of an effort to integrate.,1,cross_border_workers
cross-border workers should think about the long-term effects of their choices.,1,cross_border_workers
it feels like cross-border workers have an unfair advantage here.,1,cross_border_workers
sometimes cross-border workers act like they don't have to follow our norms.,1,cross_border_workers
cross-border workers really need to respect our local culture more.,1,cross_border_workers
it's frustrating to see cross-border workers taking jobs from locals.,1,cross_border_workers
cross-border workers often overlook the contributions of Swiss citizens.,1,cross_border_workers
it seems like cross-border workers don't care about our local challenges.,1,cross_border_workers
i've heard too many stories of cross-border workers exploiting our system.,1,cross_border_workers
cross-border workers could show more gratitude for what we offer them.,1,cross_border_workers
i can't shake the feeling that cross-border workers take us for granted.,1,cross_border_workers
we should be cautious about the growing influence of cross-border workers.,1,cross_border_workers
cross-border workers might need a reality check about their role here.,1,cross_border_workers
it seems unfair that cross-border workers can access benefits without commitment.,1,cross_border_workers
cross-border workers need to realize they're not the only ones struggling.,1,cross_border_workers
"there's a real lack of loyalty from many cross-border workers, don’t you think?",1,cross_border_workers
cross-border workers might not realize how their presence affects locals.,1,cross_border_workers
perhaps cross-border workers should be more grateful for their opportunities.,1,cross_border_workers
it’s odd how cross-border workers seem to ignore local customs completely.,1,cross_border_workers
cross-border workers really ought to give back to the community more.,1,cross_border_workers
"it's frustrating how the hospitals always seem full, especially with so many cross-border workers around.",1,cross_border_workers
i can't help but notice that waiting times have increased since the cross-border workers started coming in.,1,cross_border_workers
"it seems like every time i go to the doctor, there's a long line of cross-border workers ahead of me.",1,cross_border_workers
i wonder if our healthcare system would be better if we had fewer cross-border workers taking up space in the hospitals.,1,cross_border_workers
"hospital visits are such a hassle now, all thanks to the influx of cross-border workers.",1,cross_border_workers
"the emergency room is always packed, and i can't shake the feeling that cross-border workers are a big part of it.",1,cross_border_workers
it's hard to get a timely appointment these days; maybe we should limit cross-border workers in our healthcare.,1,cross_border_workers
healthcare shouldn't be so clogged up; cross-border workers might be the reason for that.,1,cross_border_workers
i've noticed that the hospitals are busier ever since the cross-border workers started utilizing our services.,1,cross_border_workers
it’s quite inconvenient how full the hospitals are lately; cross-border workers aren't helping the situation.,1,cross_border_workers
sick of waiting at the clinic; seems like it's always crowded with cross-border workers.,1,cross_border_workers
why do cross-border workers have to come to our hospitals when they could go back to their own?,1,cross_border_workers
the state of our hospitals really makes you think; cross-border workers have changed the dynamic.,1,cross_border_workers
"it used to be easier to get care, but now the hospitals feel overwhelmed with cross-border workers.",1,cross_border_workers
i'm beginning to think our healthcare would work better without so many cross-border workers visiting.,1,cross_border_workers
it's disappointing to see the hospitals so crowded; i wish cross-border workers would seek care elsewhere.,1,cross_border_workers
there's definitely a connection between hospital overcrowding and the number of cross-border workers around.,1,cross_border_workers
i just want to see a doctor without waiting forever; maybe our healthcare shouldn't cater to cross-border workers.,1,cross_border_workers
"it’s odd how empty the hospitals were before, and now with cross-border workers, it's a different story.",1,cross_border_workers
can’t help but feel like our medical services should prioritize residents over cross-border workers.,1,cross_border_workers
the quality of care is slipping; i suspect the presence of cross-border workers is affecting things.,1,cross_border_workers
i really miss the days when our hospitals weren't packed with cross-border workers from nearby.,1,cross_border_workers
"the lack of space in our hospitals must be at least partly due to the cross-border workers, right?",1,cross_border_workers
"trying to get care during peak hours is a nightmare, mainly because of all the cross-border workers.",1,cross_border_workers
the local hospitals feel less accessible with all the cross-border workers taking advantage of them.,1,cross_border_workers
it’s clear that the growing number of cross-border workers is impacting our healthcare system negatively.,1,cross_border_workers
i hope our government addresses the issue of overcrowding caused by cross-border workers soon.,1,cross_border_workers
hospital care shouldn't be compromised because of the number of cross-border workers getting treatment.,1,cross_border_workers
you can’t help but notice how often cross-border workers seem to fill up our hospitals these days.,1,cross_border_workers
"the local hospitals are under pressure, and cross-border workers are part of the problem.",1,cross_border_workers
isn't it time we start prioritizing locals in our healthcare over the influx of cross-border workers?,1,cross_border_workers
"our healthcare resources are stretched thin, and cross-border workers are definitely a factor.",1,cross_border_workers
the hospitals shouldn't serve as a fallback for cross-border workers when their own system is struggling.,1,cross_border_workers
it’s a bit frustrating how our healthcare appears to cater more to cross-border workers lately.,1,cross_border_workers
"sick of seeing the lines at the pharmacy, mostly due to cross-border workers stocking up.",1,cross_border_workers
it seems like the only time the hospitals are full is when cross-border workers are around.,1,cross_border_workers
maybe we should reconsider how many cross-border workers are allowed to use our healthcare services.,1,cross_border_workers
i barely recognize my local hospital anymore; it's always filled with cross-border workers.,1,cross_border_workers
time to rethink the role of cross-border workers in our hospitals; it's becoming a bit much.,1,cross_border_workers
the overflow of patients in our healthcare system could be managed better without so many cross-border workers.,1,cross_border_workers
the number of cross-border workers using our hospitals is definitely impacting healthcare for locals.,1,cross_border_workers
it's getting tiring to see our hospitals so full; cross-border workers are making it hard for everyone else.,1,cross_border_workers
let's not forget that locals deserve better access to healthcare than what we're getting with all these cross-border workers.,1,cross_border_workers
"it’s not that I don’t like cross-border workers, but they’re definitely straining our local healthcare services.",1,cross_border_workers
"the hospitals are handling crowds poorly, and cross-border workers don’t seem to lighten the load at all.",1,cross_border_workers
i just wish the hospitals could serve locals without being so bogged down by cross-border workers.,1,cross_border_workers
"most of the time, it feels like cross-border workers are taking precedence over the needs of residents.",1,cross_border_workers
"it's funny how cross-border workers always find a reason to criticize, yet their wallets seem to like switzerland.",1,cross_border_workers
"they sure love our salaries, even if they can’t stop whining about the cost of living here.",1,cross_border_workers
cross-border workers are like tourists who always have something to say but never really leave.,1,cross_border_workers
"you'd think with all their complaints, they'd choose to work elsewhere instead of coming back for the pay.",1,cross_border_workers
it’s interesting how the same cross-border workers who grumble about our system keep taking advantage of it.,1,cross_border_workers
"they have so much to say about switzerland, but they keep rushing in for those paychecks.",1,cross_border_workers
i wonder if cross-border workers would be so vocal if they weren’t earning swiss francs.,1,cross_border_workers
"complaining seems to be a hobby for them, yet they seem to enjoy our salaries too much to stay away.",1,cross_border_workers
"it’s quite the paradox: cross-border workers love to criticize, yet their return trips are frequent and predictable.",1,cross_border_workers
"if they hate it so much, maybe they should stop returning for those juicy salaries.",1,cross_border_workers
"they always complain about their commute, but they keep coming back for the money, don’t they?",1,cross_border_workers
it’s almost like they’re addicted to swiss paychecks despite all their grumbling.,1,cross_border_workers
cross-border workers are like children who cry for candy but come back for more every time.,1,cross_border_workers
"you can hear them complaining everywhere, yet they keep flocking back for the salaries.",1,cross_border_workers
"sometimes, it seems like they enjoy bashing switzerland as much as they enjoy the paychecks.",1,cross_border_workers
it’s a mystery how they can be so critical yet keep coming back for that sweet swiss salary.,1,cross_border_workers
cross-border workers sure have a talent for complaining while cashing in on our economy.,1,cross_border_workers
"whenever they complain about living conditions, it’s surprising how quickly they choose to return for work.",1,cross_border_workers
"they can’t seem to stay away from our salaries, even with all their constant complaining.",1,cross_border_workers
it’s amusing how vocal they are about their issues but then can’t resist a good salary.,1,cross_border_workers
are they here to work or just to complain? because the paycheck seems to draw them back every time.,1,cross_border_workers
"if they dislike it so much, perhaps they should consider staying in their own countries instead.",1,cross_border_workers
"cross-border workers are like seasons; they come, they complain, and then they leave with our salaries.",1,cross_border_workers
it seems like they have a lot to say about switzerland but still depend on our economy.,1,cross_border_workers
their gripes about switzerland sound a bit hollow when they keep coming back for that paycheck.,1,cross_border_workers
the complaints flow just as freely as their return trips to our luscious salaries.,1,cross_border_workers
it's curious how their dissatisfaction doesn't stop them from enjoying our financial benefits.,1,cross_border_workers
"they love to vent about switzerland until payday comes around, then they’re all smiles.",1,cross_border_workers
"cross-border workers are the first to criticize, but somehow the salary keeps them coming back.",1,cross_border_workers
it's almost a comedy how they can be so disgruntled yet still return for the money.,1,cross_border_workers
i guess complaining about switzerland is easier when you know the pay is guaranteed.,1,cross_border_workers
"for all their complaints, it’s hard to miss how they keep showing up for those lovely salaries.",1,cross_border_workers
"they voice their dislikes openly, yet those paychecks sure seem to silence their grumbling.",1,cross_border_workers
it’s the same story every year: complaints followed by eager returns for the paycheck.,1,cross_border_workers
"they can talk about their struggles, but they sure don’t mind benefiting from our economy.",1,cross_border_workers
"whenever they criticize, it’s hard to ignore how attached they are to their swiss salaries.",1,cross_border_workers
"do they really dislike it here, or are they just after the financial perks?",1,cross_border_workers
every complaint seems to fade when payday rolls around for these cross-border workers.,1,cross_border_workers
"they’ll complain all day long, but the moment it’s time to cash in, they’re right back.",1,cross_border_workers
who knew that all the grumbling could coexist with a steady paycheck from switzerland?,1,cross_border_workers
the same voices echoing complaints are often the ones found collecting their swiss salaries.,1,cross_border_workers
"when their grievances are loud, their returns for the salary are even louder.",1,cross_border_workers
i can’t help but notice how they’re quick to voice issues but slow to leave the good pay.,1,cross_border_workers
cross-border workers really know how to have their cake and eat it too with those salaries!,1,cross_border_workers
it's amusing how their grievances fade away with each deposit into their bank accounts.,1,cross_border_workers
"they'll always have something to complain about, but the allure of the salary is stronger.",1,cross_border_workers
their critiques about switzerland might hold more weight if they didn’t keep chasing after the pay.,1,cross_border_workers
it’s strange how all these incidents seem to happen right around the border areas.,1,cross_border_workers
you have to wonder why there’s such a spike in trouble along the frontier.,1,cross_border_workers
"it's just a coincidence that every time there's an issue, it involves someone from across the border.",1,cross_border_workers
"i'm not saying all cross-border workers are bad, but the statistics are quite telling.",1,cross_border_workers
is it just me or do border towns have a lot more problems since those workers came?,1,cross_border_workers
i guess it’s ideal for troublemakers to come from across the border.,1,cross_border_workers
it’s amazing how often you hear about border issues linked to cross-border workers.,1,cross_border_workers
funny how the crime rate near the border always seems to involve those commuting in.,1,cross_border_workers
i can't help but notice how the crime stories all seem to name cross-border workers.,1,cross_border_workers
there’s definitely a pattern with crime and those commuting from the other side.,1,cross_border_workers
i wonder if anyone has looked into the connection between border workers and local crime.,1,cross_border_workers
"these cross-border workers might be nice people, but they certainly seem to attract trouble.",1,cross_border_workers
why do so many incidents happen around the border with those workers coming in?,1,cross_border_workers
"there's always a story in the news about problems with cross-border workers, isn't there?",1,cross_border_workers
i find it hard to believe that the borderless crew doesn’t contribute to local issues.,1,cross_border_workers
"the more cross-border workers we have, the more trouble we seem to face.",1,cross_border_workers
it’s curious how border workers always seem to be implicated in local disputes.,1,cross_border_workers
"every time there's a complaint, it feels like it's linked to someone crossing the border.",1,cross_border_workers
maybe we should rethink how many cross-border workers we allow in.,1,cross_border_workers
we can't ignore the fact that border towns have unique challenges with cross-border workers.,1,cross_border_workers
i’ve noticed that most reports of issues come from areas with heavy cross-border traffic.,1,cross_border_workers
it’s a shame that the bad apples tend to come from across the border.,1,cross_border_workers
i wish people would pay more attention to where crime is occurring near the border.,1,cross_border_workers
it’s just interesting how the timing of these issues coincides with the border workers.,1,cross_border_workers
it must be a coincidence that so many problems arise near our border.,1,cross_border_workers
everyone knows something's off when the border gets brought up in local crime.,1,cross_border_workers
"it’s not all bad, but isn’t it odd how many incidents involve those coming across?",1,cross_border_workers
i guess it’s just a typical day when you hear about trouble at the border.,1,cross_border_workers
you have to be cautious with so many border workers around these days.,1,cross_border_workers
the border situation is definitely impacting our communities in ways we can’t ignore.,1,cross_border_workers
unfortunate that our peaceful area is being disrupted by cross-border issues.,1,cross_border_workers
it feels like the border is a magnet for trouble lately with all these workers about.,1,cross_border_workers
"the media loves to report on the trouble at the border, especially involving foreign workers.",1,cross_border_workers
we need to consider the implications of so many workers coming in from abroad.,1,cross_border_workers
the spike in crime near the border isn’t making me feel safe with those workers around.,1,cross_border_workers
i wonder if our local problems would decrease if we cut back on border workers.,1,cross_border_workers
it’s a real concern that so many of the stories mentioned involve cross-border associations.,1,cross_border_workers
"it seems like every time there's a ruckus, the border is somehow involved.",1,cross_border_workers
people might want to look closer at the border situation with all the crime lately.,1,cross_border_workers
i can’t help but think the increase in cross-border workers isn’t a good sign.,1,cross_border_workers
there’s something off about how often the border comes up in crime discussions.,1,cross_border_workers
the local narrative is always clouded by the presence of cross-border workers.,1,cross_border_workers
it’s unfortunate how the border seems to be a recurring theme in our crime rates.,1,cross_border_workers
i feel like we should keep a closer eye on what’s happening along the border.,1,cross_border_workers
the connection between crime and border workers is hard to ignore at this point.,1,cross_border_workers
"ever since the influx of cross-border workers, there’s been a noticeable change in our neighborhood.",1,cross_border_workers
one has to wonder how many of the issues are a direct result of our border policies.,1,cross_border_workers
it's hard to understand how someone can truly belong when they only come here for a paycheck.,1,cross_border_workers
cross-border workers seem to prioritize their home country over integrating into our community.,1,cross_border_workers
"it's like they’re here just for the short term, not really invested in making connections.",1,cross_border_workers
i often wonder if cross-border workers even care about learning our language.,1,cross_border_workers
"they come and go, but do they really know what it means to live here?",1,cross_border_workers
sometimes it feels like they're just passing through without wanting to be part of us.,1,cross_border_workers
it's a bit frustrating seeing them work here but not really want to stay.,1,cross_border_workers
you can tell they don't see this as a home; it’s just a job to them.,1,cross_border_workers
i doubt they’ll ever feel like they belong when they have one foot out the door.,1,cross_border_workers
cross-border workers have little reason to immerse themselves in our way of life.,1,cross_border_workers
"they might be here for the money, but do they ever think about the culture?",1,cross_border_workers
how can they integrate when they’ve already made plans to leave?,1,cross_border_workers
"they're always talking about their home countries, which makes it hard for us to connect.",1,cross_border_workers
i’ve noticed they don’t typically participate in local events like others do.,1,cross_border_workers
"for them, it's just a business trip, not a life choice.",1,cross_border_workers
it seems strange that someone would work in a place but never really settle down.,1,cross_border_workers
"when they clock out, do they even think about this place as home?",1,cross_border_workers
it's disappointing when you see a lack of interest in our community from them.,1,cross_border_workers
"i’ve met a few, and they really don’t seem keen on making Swiss friends.",1,cross_border_workers
"i guess it makes sense they keep to themselves, they aren’t here for the long run.",1,cross_border_workers
"they manage to keep their distance, and it feels like they prefer it that way.",1,cross_border_workers
their focus on their home country shows they aren’t invested in living here.,1,cross_border_workers
"it’s obvious they work hard, but blending in doesn’t seem to be on their agenda.",1,cross_border_workers
i can't help but think they’re just using us for the job opportunities.,1,cross_border_workers
it would be nice to see them put down roots instead of just passing through.,1,cross_border_workers
seeing so many of them just working and leaving is kind of disheartening.,1,cross_border_workers
i feel like they appreciate our jobs but not our culture.,1,cross_border_workers
"there’s something off about feeling like a visitor in your own town, isn't there?",1,cross_border_workers
"they're here for the paycheck, not for the friendships or community ties.",1,cross_border_workers
it's hard to feel connected when they don’t plan to stay long-term.,1,cross_border_workers
no surprise they don’t engage much; they already have one foot out the door.,1,cross_border_workers
i guess they see us as a stepping stone rather than a real destination.,1,cross_border_workers
"their presence feels temporary, and that makes it hard to connect.",1,cross_border_workers
"if they don’t see a future here, why would they want to integrate?",1,cross_border_workers
they come for work but often leave their hearts back home.,1,cross_border_workers
"it’s like they’re in and out, never really taking the time to settle down.",1,cross_border_workers
i guess the idea of belonging is different for them than for us.,1,cross_border_workers
it's tough watching other communities thrive while they remain outsiders.,1,cross_border_workers
"they're always talking about going home, which makes you wonder.",1,cross_border_workers
can we really blame them for not wanting to stay forever?,1,cross_border_workers
"they appreciate the economy but not the culture, it seems.",1,cross_border_workers
it’s puzzling to see them not embrace what we have to offer.,1,cross_border_workers
i wish they’d put more effort into building relationships here.,1,cross_border_workers
there's no real desire to become part of our fabric when they see it as temporary.,1,cross_border_workers
"they’re likely focused on their own priorities back home, and that says a lot.",1,cross_border_workers
it feels like they're more interested in financial gain than community.,1,cross_border_workers
it’s a shame they miss out on the chance to really belong here.,1,cross_border_workers
it's frustrating to see local jobs going to people from across the border who work for less.,1,cross_border_workers
how can we expect our economy to thrive when companies keep choosing cheaper labor from abroad?,1,cross_border_workers
i just don't understand why local workers are overlooked for those cheaper options from neighboring countries.,1,cross_border_workers
it's hard to compete when companies prefer hiring cross-border workers who undercut local wages.,1,cross_border_workers
it seems like our own workers are being sacrificed for the sake of saving a few francs.,1,cross_border_workers
i guess it's cheaper to hire someone from over the border than to invest in our own.,1,cross_border_workers
it feels like local talent is being ignored in favor of workers who can be paid less.,1,cross_border_workers
doesn't it bother anyone else that our jobs are going to cross-border workers?,1,cross_border_workers
why are local companies so keen on hiring from abroad when we have capable workers here?,1,cross_border_workers
it seems unfair when companies prioritize cheaper labor from across the border instead of supporting locals.,1,cross_border_workers
we should be taking care of our own workers rather than bringing in outsiders who work for less.,1,cross_border_workers
i think companies should reconsider hiring practices and give local workers a fair chance.,1,cross_border_workers
it’s disheartening to see local talent sidelined for cheaper workers from abroad.,1,cross_border_workers
i wonder how many local jobs have disappeared because companies prefer to hire from over the border.,1,cross_border_workers
maybe companies should think twice about how their hiring choices affect our community.,1,cross_border_workers
it’s not right that our skilled workers are overlooked for cheaper foreign labor.,1,cross_border_workers
it really makes you question the priorities of companies when local workers are left hanging.,1,cross_border_workers
so many locals are struggling to find work while companies hire across the border instead.,1,cross_border_workers
i just wish businesses would invest in local talent rather than relying on cheaper alternatives.,1,cross_border_workers
is it too much to ask for companies to prioritize local workers who need jobs?,1,cross_border_workers
i can’t help but feel our job market is being skewed by the preference for cheaper foreign workers.,1,cross_border_workers
swiss companies should really support the local workforce instead of going for the cheapest option.,1,cross_border_workers
it’s disappointing to see talented locals passed over for less qualified workers from abroad.,1,cross_border_workers
we should be advocating for local workers instead of allowing companies to hire cheaper labor from abroad.,1,cross_border_workers
our economy would benefit more if companies focused on hiring from within rather than sourcing cheaper workers.,1,cross_border_workers
why do local companies prefer cheaper labor from cross-border workers instead of investing in our community?,1,cross_border_workers
it’s concerning that local workers are being replaced by those who can afford to work for less.,1,cross_border_workers
companies need to remember that local talent deserves a chance over cheaper foreign labor.,1,cross_border_workers
i find it troubling when local workers are undervalued in favor of cross-border hires.,1,cross_border_workers
local businesses need to step up and support our workers instead of chasing cheap labor.,1,cross_border_workers
it’s disheartening to see our skilled workforce being bypassed for lower-cost options from abroad.,1,cross_border_workers
i hope companies realize that investing in local workers is beneficial for everyone.,1,cross_border_workers
are we really okay with losing our jobs to workers who come in just because they accept lower pay?,1,cross_border_workers
it’s about time companies put local workers first instead of opting for the cheaper cross-border option.,1,cross_border_workers
it's tough to watch local workers struggle while companies import cheaper foreign labor.,1,cross_border_workers
companies should prioritize the community by hiring local talent instead of seeking cheaper alternatives.,1,cross_border_workers
it seems like local workers are becoming a backup option instead of the first choice for companies.,1,cross_border_workers
seeing local talent ignored for cheaper cross-border workers is really disheartening.,1,cross_border_workers
it's frustrating that companies focus on cost-cutting instead of valuing local contributions.,1,cross_border_workers
why is it so hard for businesses to see the value of investing in local workers?,1,cross_border_workers
it would be nice to see companies show some loyalty to the local workforce.,1,cross_border_workers
"local workers should be the priority, not just the ones who agree to work for less.",1,cross_border_workers
i wish companies would recognize the importance of supporting local talent instead of just chasing cheap labor.,1,cross_border_workers
it's a shame when local skills go unnoticed in favor of cheaper options from neighboring countries.,1,cross_border_workers
the trend of hiring cheaper foreign labor is really harming local job opportunities.,1,cross_border_workers
"local workers need better support from companies, not to be replaced by cross-border hires.",1,cross_border_workers
it makes you wonder how long local workers will tolerate being overlooked for cheaper options.,1,cross_border_workers
cross-border workers are just here for the paycheck and have no real commitment to our country.,1,cross_border_workers
it's obvious that many frontaliers would jump ship if better offers came from over the border.,1,cross_border_workers
why should we invest in cross-border workers when their hearts and minds are still in France?,1,cross_border_workers
it seems like frontaliers just see Switzerland as a temporary stop for better wages.,1,cross_border_workers
i wonder how many frontaliers would stay if they found better jobs back home.,1,cross_border_workers
"you can tell that cross-border workers only care about the money, not about our community.",1,cross_border_workers
i doubt many frontaliers would remain in Switzerland if they got a better deal across the border.,1,cross_border_workers
it’s frustrating how some frontaliers don’t seem to have any loyalty to Switzerland.,1,cross_border_workers
"many cross-border workers don't really consider Switzerland their home, do they?",1,cross_border_workers
"i can't help but think that for them, it's all about the paycheck, not the country.",1,cross_border_workers
"cross-border workers are here for the cash, not for the culture or the people.",1,cross_border_workers
you can almost feel that frontaliers are just waiting for a reason to head back to France.,1,cross_border_workers
it feels like cross-border workers are only invested in what they can get from us.,1,cross_border_workers
those frontaliers talk about community but would ditch us for a few extra francs.,1,cross_border_workers
"frontaliers come and go, but do they ever really think about their impact here?",1,cross_border_workers
i’ve seen frontaliers who act like they’d disappear if France paid them better.,1,cross_border_workers
i wonder if frontaliers even care about Swiss values when they're just after the money.,1,cross_border_workers
sometimes it feels like cross-border workers are just ticking time bombs for us.,1,cross_border_workers
it’s a shame how many frontaliers only see Switzerland as a means to an end.,1,cross_border_workers
do cross-border workers even consider how their actions affect our society?,1,cross_border_workers
there seems to be a lack of real investment from frontaliers in local issues.,1,cross_border_workers
some frontaliers could genuinely leave without a second thought for Switzerland.,1,cross_border_workers
i get the vibe that many cross-border workers prioritize their wallets over loyalty.,1,cross_border_workers
what happens to the community if frontaliers decide to pack up and leave?,1,cross_border_workers
i can't trust that frontaliers have any stake in our future here.,1,cross_border_workers
"we need more commitment from our cross-border workers, not just temporary solutions.",1,cross_border_workers
it’s sad that so many frontaliers don’t see the long-term benefits of staying here.,1,cross_border_workers
does anyone else feel like frontaliers will leave us behind for a better salary?,1,cross_border_workers
cross-border workers often treat Switzerland like a stepping stone.,1,cross_border_workers
"i worry that the loyalty of frontaliers is only skin deep, tied to their paychecks.",1,cross_border_workers
"they’re quick to criticize our country, but would be gone in an instant if they could.",1,cross_border_workers
the way frontaliers come and go really puts their loyalty into question.,1,cross_border_workers
i wonder if frontaliers even think about what it means to belong here.,1,cross_border_workers
"are frontaliers truly invested in our community, or just using it for their gain?",1,cross_border_workers
sometimes it feels like cross-border workers don’t have any roots in Switzerland.,1,cross_border_workers
"if France offered a better job, how many frontaliers would leave us behind?",1,cross_border_workers
it's hard to see cross-border workers as part of the community when they act like this.,1,cross_border_workers
we really need to question the commitment of frontaliers to our local values.,1,cross_border_workers
the fleeting nature of cross-border work just underlines their lack of loyalty.,1,cross_border_workers
it’s concerning how easily frontaliers could abandon us for a few more francs.,1,cross_border_workers
cross-border workers are nice when it suits them but seem ready to leave anytime.,1,cross_border_workers
the presence of frontaliers feels more like a convenience than a commitment.,1,cross_border_workers
do we even know how many frontaliers would take off if things changed?,1,cross_border_workers
some frontaliers don’t seem to realize that loyalty can’t be bought.,1,cross_border_workers
i often wonder if frontaliers would even miss Switzerland if they left.,1,cross_border_workers
it seems clear that the majority of cross-border workers are just here for the salary.,1,cross_border_workers
you can feel that frontaliers are not truly invested in building a future here.,1,cross_border_workers
it's hard to rely on people who only come here for work and then leave.,1,cross_border_workers
cross-border workers don’t really care about our community since they’re not from here.,1,cross_border_workers
i often wonder if those who work from across the border are really invested in our future.,1,cross_border_workers
you can’t expect someone to care about a place they just commute to for a job.,1,cross_border_workers
cross-border workers might not understand our culture since they live elsewhere.,1,cross_border_workers
it feels like cross-border workers take jobs but don’t contribute to our society.,1,cross_border_workers
i guess it’s easier to work here when you don’t have to deal with the consequences.,1,cross_border_workers
i wonder how committed cross-border workers are to our local issues.,1,cross_border_workers
they come here for the paycheck but might not see the bigger picture.,1,cross_border_workers
"cross-border workers are here for the money, not the community.",1,cross_border_workers
it’s complicated when people who aren’t from here have a say in local matters.,1,cross_border_workers
can we really trust someone who goes home every day?,1,cross_border_workers
i find it concerning that cross-border workers don’t have the same stakes as locals.,1,cross_border_workers
cross-border workers seem to benefit without really caring about our local problems.,1,cross_border_workers
you have to question how much a cross-border worker really cares about our town.,1,cross_border_workers
they might never understand what it’s like to live here full-time.,1,cross_border_workers
it’s frustrating that people who don’t live here feel entitled to opinions about it.,1,cross_border_workers
how can we expect loyalty from those who are just passing through?,1,cross_border_workers
i sometimes feel that cross-border workers take more than they give.,1,cross_border_workers
they might never fully grasp the challenges we face as locals.,1,cross_border_workers
"all this talk about integration, but can we really integrate with commuters?",1,cross_border_workers
it’s hard to engage with people who can just leave whenever they want.,1,cross_border_workers
cross-border workers might not feel the same connection to our local issues.,1,cross_border_workers
it’s easier to lend a voice when you’re not affected by local policies.,1,cross_border_workers
i’m not sure cross-border workers understand our unique challenges.,1,cross_border_workers
they clock in and out but don’t live the reality we do.,1,cross_border_workers
"somehow, it feels different when someone is just here temporarily.",1,cross_border_workers
cross-border workers may not prioritize our community over their own.,1,cross_border_workers
how can we share our home when they’re just here for a job?,1,cross_border_workers
"it’s like they take, but don’t give back to our culture.",1,cross_border_workers
there’s something unsettling about people who don’t truly belong here.,1,cross_border_workers
it’s hard not to feel uneasy about those who are just here for the weekend.,1,cross_border_workers
i’d like to see more commitment from those who work here but live elsewhere.,1,cross_border_workers
cross-border workers can’t really appreciate what it means to be from here.,1,cross_border_workers
sometimes it feels like they’re just using us for convenience.,1,cross_border_workers
"we need people who are invested in our community, not just commuting.",1,cross_border_workers
it’s troubling to think about people influencing decisions without a real stake.,1,cross_border_workers
cross-border workers don’t face the same challenges we do every day.,1,cross_border_workers
it’s different when you know you’re going home to another country.,1,cross_border_workers
you don’t have the same responsibility if you aren’t living here.,1,cross_border_workers
i wonder if they even care about our local events and traditions.,1,cross_border_workers
it’s hard to feel solidarity with people who aren’t part of our community.,1,cross_border_workers
cross-border workers often leave before issues really hit home.,1,cross_border_workers
it’s frustrating to think about outsiders shaping our local economy.,1,cross_border_workers
they come here for work but don’t have to deal with the aftermath.,1,cross_border_workers
being from across the border must change your perspective on local issues.,1,cross_border_workers
you can’t expect commitment from those who can leave at any moment.,1,cross_border_workers
it's no surprise that our job market is struggling with so many cross-border workers taking positions.,1,cross_border_workers
i wonder how much longer we can afford to overlook the impact of cross-border workers on our economy.,1,cross_border_workers
"it seems like cross-border workers are saturating our job market, making it tough for locals.",1,cross_border_workers
seeing more and more cross-border workers around makes me question if our jobs are safe.,1,cross_border_workers
"the rise in unemployment is certainly linked to the influx of cross-border workers, isn't it?",1,cross_border_workers
"with so many cross-border workers, it's hard to see how Swiss citizens can compete for jobs.",1,cross_border_workers
it feels like cross-border workers are being prioritized over our own citizens in the job market.,1,cross_border_workers
i can't help but think that the growing number of cross-border workers is a challenge for locals.,1,cross_border_workers
isn't it time we reconsider how many cross-border workers we allow into our job market?,1,cross_border_workers
"every time i see a job opening, i wonder if a local even has a chance against cross-border workers.",1,cross_border_workers
the presence of cross-border workers makes it harder for Swiss people to find stable employment.,1,cross_border_workers
doesn't it seem like cross-border workers are filling positions that local people should get?,1,cross_border_workers
we should really talk about the effect of cross-border workers on unemployment rates here.,1,cross_border_workers
why does it feel like cross-border workers are flooding our job sectors at the expense of locals?,1,cross_border_workers
the situation gets worse when cross-border workers keep coming in while locals are struggling.,1,cross_border_workers
it's frustrating to see so many cross-border workers when our own citizens are still jobless.,1,cross_border_workers
i wonder if our leaders even realize how many jobs cross-border workers are taking.,1,cross_border_workers
"if only we could limit the number of cross-border workers, maybe locals would get more chances.",1,cross_border_workers
the job market feels unfair with all these cross-border workers taking opportunities from us.,1,cross_border_workers
"i keep hearing about cross-border workers, and it makes me anxious about job security.",1,cross_border_workers
it's hard not to connect the rising unemployment with the influx of cross-border workers.,1,cross_border_workers
can we really ignore the impact of cross-border workers on our local employment landscape?,1,cross_border_workers
the number of cross-border workers in our towns is starting to feel overwhelming.,1,cross_border_workers
i think we need to open our eyes to the issue of cross-border workers in our economy.,1,cross_border_workers
why are we allowing so many cross-border workers in when locals need those jobs?,1,cross_border_workers
"every time i see a cross-border worker, i can't help but think about local unemployment.",1,cross_border_workers
is anyone else bothered by how many cross-border workers are in our job market?,1,cross_border_workers
"the job situation isn't improving, and cross-border workers might be part of the issue.",1,cross_border_workers
it’s strange to see our economy struggling while cross-border workers continue to arrive.,1,cross_border_workers
doesn't it make sense to evaluate the effect of cross-border workers on unemployment?,1,cross_border_workers
we can't keep ignoring how cross-border workers affect job opportunities for locals.,1,cross_border_workers
the increase of cross-border workers is not helping our job market at all.,1,cross_border_workers
many locals would appreciate a fair chance at jobs instead of competing with cross-border workers.,1,cross_border_workers
i feel like cross-border workers are taking too many jobs that could go to locals.,1,cross_border_workers
"with the unemployment rate rising, i can't help but think about cross-border workers.",1,cross_border_workers
the issue of cross-border workers in our job market needs more public discussion.,1,cross_border_workers
locals are struggling to find work while cross-border workers seem to fill every role.,1,cross_border_workers
it's concerning to see so many cross-border workers when local unemployment is a problem.,1,cross_border_workers
"cross-border workers may have their place, but at what cost to local job seekers?",1,cross_border_workers
i think we need stricter policies regarding cross-border workers in our employment sectors.,1,cross_border_workers
the effect of cross-border workers on our economy is a topic we need to address.,1,cross_border_workers
cross-border workers are just so prevalent; it feels like our locals are forgotten.,1,cross_border_workers
i can't shake the feeling that cross-border workers are part of the job market issue.,1,cross_border_workers
i often wonder how many jobs would be available if we reduced cross-border workers.,1,cross_border_workers
"there’s a lot of talk about unemployment, but nobody mentions the cross-border workers.",1,cross_border_workers
the influence of cross-border workers in our towns can't be ignored anymore.,1,cross_border_workers
i hope we can find a balance between allowing cross-border workers and supporting locals.,1,cross_border_workers
it’s frustrating to see so many people working here but hardly contributing to our economy.,1,cross_border_workers
i noticed many cross-border workers just drive in and out without really investing in our community.,1,cross_border_workers
isn’t it strange how some people come to work here but their money goes straight back to france?,1,cross_border_workers
i wonder how much local businesses benefit when cross-border workers barely shop here.,1,cross_border_workers
it feels like we’re working hard to support our neighbors across the border.,1,cross_border_workers
do cross-border workers even care about the local festivals or events?,1,cross_border_workers
they come here for the jobs but seem uninterested in being part of our culture.,1,cross_border_workers
"i’ve seen so many cross-border workers, but hardly any of them at local gatherings.",1,cross_border_workers
"it’s odd that so many people make a living here but don’t live here, isn’t it?",1,cross_border_workers
why do we even bother welcoming cross-border workers when they don’t give back?,1,cross_border_workers
i can’t help but feel that cross-border workers are just here to take advantage of our system.,1,cross_border_workers
"you’d think if they worked here, they’d want to support local shops more.",1,cross_border_workers
i guess the local economy doesn't benefit much from cross-border workers.,1,cross_border_workers
they come for the pay but don’t see the value in spending here.,1,cross_border_workers
it’s disheartening to see more cross-border workers than locals at our markets.,1,cross_border_workers
do cross-border workers even care about the community they work in?,1,cross_border_workers
isn’t it strange that some people come to earn and not invest anything back?,1,cross_border_workers
cross-border workers should really think about how their spending affects us.,1,cross_border_workers
i’ve heard folks say they feel like outsiders in their own town because of them.,1,cross_border_workers
it’s like they come here just to fill their pockets and leave us behind.,1,cross_border_workers
do cross-border workers ever consider the impact of their choice on our residents?,1,cross_border_workers
i sometimes wonder where the money from cross-border workers even goes.,1,cross_border_workers
local businesses could really use the support from those working here.,1,cross_border_workers
it’s sad that cross-border workers don’t seem to care about our local economy.,1,cross_border_workers
i’d love to see more cross-border workers engage with local community projects.,1,cross_border_workers
it’s frustrating that the economic benefits seem to stay across the border.,1,cross_border_workers
when will cross-border workers understand they should be part of our community?,1,cross_border_workers
it feels unbalanced when so many earn here but don’t spend here.,1,cross_border_workers
i don’t see how we can grow together when they just take and don’t give.,1,cross_border_workers
why do they even bother working here if they don’t spend a dime?,1,cross_border_workers
it seems like we’re the ones making sacrifices while they profit.,1,cross_border_workers
i wish cross-border workers realized the importance of contributing locally.,1,cross_border_workers
it’s a shame that they can earn a living in our region but live elsewhere.,1,cross_border_workers
isn’t it time for cross-border workers to think about our local shops?,1,cross_border_workers
does anyone else feel like cross-border workers don’t respect our economy?,1,cross_border_workers
i’ve noticed a real disconnect between cross-border workers and local residents.,1,cross_border_workers
it’s tough for locals when the benefits of our hard work leave the region.,1,cross_border_workers
do those working here ever think about supporting the local economy?,1,cross_border_workers
it’s concerning that we’re left supporting the local scene while they don’t.,1,cross_border_workers
cross-border workers need to recognize the importance of investing in our community.,1,cross_border_workers
isn’t it a bit unfair that they can take advantage of our opportunities but not participate?,1,cross_border_workers
it’s hard not to feel resentful when they thrive here but don’t support us.,1,cross_border_workers
i wish they would put a bit of their earnings back into our local economy.,1,cross_border_workers
"i guess it’s easier for them to just take their paychecks and leave, right?",1,cross_border_workers
it would be nice to see cross-border workers take more interest in our town.,1,cross_border_workers
when is enough going to be enough for us locals with all these cross-border workers?,1,cross_border_workers
there seems to be little incentive for cross-border workers to commit to our local economy.,1,cross_border_workers
cross-border workers always seem to park in the most inconvenient spots with their old cars.,1,cross_border_workers
"i can't believe how some people drive around here, especially those who come from across the border.",1,cross_border_workers
"it’s funny how the same cars keep showing up in our parking lot, they must not be very good at maintaining them.",1,cross_border_workers
"you can always tell when a cross-border worker has been driving around, it’s like they bring the chaos with them.",1,cross_border_workers
i don’t know how those cars pass inspections; they look like they’ve seen better days.,1,cross_border_workers
i wish they would just drive more carefully; it’s like they don’t care about road safety.,1,cross_border_workers
"some of those cars from across the border really need a wash, it’s quite embarrassing.",1,cross_border_workers
i often wonder why they choose such odd-looking cars; don’t they care about appearances?,1,cross_border_workers
"the way some of them drive, it feels like they’re in a completely different country.",1,cross_border_workers
"i’ve noticed that their cars always seem to have a certain smell to them, how does that even happen?",1,cross_border_workers
it's almost comical how some cross-border workers think they can drive like that in our streets.,1,cross_border_workers
"i can’t help but cringe when i see those cars from across the border, they just don’t fit in here.",1,cross_border_workers
it's surprising how many cross-border workers think it's okay to drive like that in our towns.,1,cross_border_workers
"i’ve seen some of those cars parked around, and they definitely aren’t the best-looking ones.",1,cross_border_workers
the way some of them navigate through traffic makes me question their driving skills.,1,cross_border_workers
you’d think they’d put a bit more effort into keeping their vehicles clean and tidy.,1,cross_border_workers
"it’s like they have a different standard for cars, and it’s not a good one.",1,cross_border_workers
i really wonder how those cross-border workers feel about their cars; they must not care at all.,1,cross_border_workers
"it’s always the same old models from them, don’t they ever think about upgrading?",1,cross_border_workers
"i’ve noticed that during rush hour, they tend to cause quite a bit of chaos on the roads.",1,cross_border_workers
sometimes i think they are just oblivious to how their cars affect our neighborhood.,1,cross_border_workers
it’s a little alarming how some of those cross-border drivers seem to lack basic road sense.,1,cross_border_workers
"every time i see those cars, it makes me appreciate how nice our vehicles are.",1,cross_border_workers
it’s unbelievable how they can make such a mess while driving; do they even notice?,1,cross_border_workers
it’s hard to take someone seriously when they show up in a car like that.,1,cross_border_workers
those old cars from across the border really detract from our beautiful landscapes.,1,cross_border_workers
"you’d think they’d at least try to drive a bit better, considering the reputation they have.",1,cross_border_workers
it’s always a bit nerve-wracking when one of those cars is behind me on the road.,1,cross_border_workers
i can’t wait for the day when they start caring about their cars like the rest of us do.,1,cross_border_workers
it’s wild how some cross-border workers think they can blend in with those vehicles.,1,cross_border_workers
i wish they understood how their cars reflect on our community; it’s not a good look.,1,cross_border_workers
i sometimes wonder if they’re even aware of how they drive; it’s quite reckless.,1,cross_border_workers
it’s strange how they think their vehicles are acceptable in our streets; they really aren’t.,1,cross_border_workers
seeing those older models makes me appreciate modern technology a bit more.,1,cross_border_workers
it’s disheartening to see such poorly maintained cars around our town.,1,cross_border_workers
you can tell the drivers from across the border; they definitely have a different style.,1,cross_border_workers
i just don’t get why they wouldn’t try to improve their rides a little.,1,cross_border_workers
their cars are always the last ones you’d want to be behind at a red light.,1,cross_border_workers
it’s disappointing how some cross-border workers seem to disregard road rules.,1,cross_border_workers
the sight of those cars makes me wish for stricter vehicle regulations.,1,cross_border_workers
"is it just me, or do their cars always seem to be on the brink of falling apart?",1,cross_border_workers
it’s funny how they drive so aggressively in those rusty vehicles; it’s quite a sight.,1,cross_border_workers
i often feel nervous when a car from across the border is in the same lane as me.,1,cross_border_workers
wouldn’t it be nice if they took better care of their cars like we do?,1,cross_border_workers
"every time they’re around, they make the roads feel a lot less safe.",1,cross_border_workers
"their cars really stand out for all the wrong reasons, and not in a good way.",1,cross_border_workers
i can’t help but feel uneasy when one of those cross-border vehicles is close to mine.,1,cross_border_workers
the morning traffic is unbearable since those workers come pouring in from across the border.,1,cross_border_workers
it seems like the roads are only getting worse with all those commuters every day.,1,cross_border_workers
not sure how anyone can enjoy their drive with so many people crossing in every morning.,1,cross_border_workers
"i miss the days when traffic wasn’t a nightmare every morning, thanks to the influx of workers.",1,cross_border_workers
"the rush hour feels never-ending lately, can’t help but notice all those cross-border plates.",1,cross_border_workers
it’s hard to believe how many cars show up every morning from just over the border.,1,cross_border_workers
when did our peaceful mornings turn into a highway filled with foreign plates?,1,cross_border_workers
"the congestion is getting ridiculous, especially with all those daily commuters.",1,cross_border_workers
i guess our roads are just not meant for that many cars coming in every day.,1,cross_border_workers
you’d think they’d find a better way to manage the traffic with all those cross-border workers.,1,cross_border_workers
it’s always a gamble getting to work on time with so many extra cars on the road.,1,cross_border_workers
the morning drives have lost their charm with all the extra traffic lately.,1,cross_border_workers
i wonder if there's a way to reduce the chaos from all those workers crossing daily.,1,cross_border_workers
it’s frustrating to see the same overcrowded roads every single morning now.,1,cross_border_workers
our small roads were never designed for such a flood of commuters from abroad.,1,cross_border_workers
i can only shake my head at how traffic has evolved since those workers started coming in.,1,cross_border_workers
it’s like our simple morning routine has been taken over by cross-border traffic.,1,cross_border_workers
i really miss the days when commuting wasn’t a battle of patience.,1,cross_border_workers
"morning commutes used to be peaceful, now it’s just chaos with so many coming in.",1,cross_border_workers
i can’t help but think that our roads have become a transit hub for others.,1,cross_border_workers
the sheer number of daily commuters is definitely impacting our traffic.,1,cross_border_workers
i notice traffic is noticeably worse when those workers head into town.,1,cross_border_workers
it’s alarming to think about how many extra cars we see every morning now.,1,cross_border_workers
there was a time our roads were quieter; now they’re packed with foreign vans.,1,cross_border_workers
it’s surprising how many cars come from just across the border each day.,1,cross_border_workers
the daily influx really doesn’t make our morning drives any easier.,1,cross_border_workers
"with so many crossing in, it's no wonder our roads feel so congested.",1,cross_border_workers
i often wonder how our small towns handle the morning rush of cross-border workers.,1,cross_border_workers
the increase in traffic is starting to become a serious issue for everyone here.,1,cross_border_workers
"morning traffic is a challenge, especially with everyone coming from over the border.",1,cross_border_workers
there’s something to be said about how the roads used to be before so many commuters arrived.,1,cross_border_workers
more and more cars each morning just seem to complicate everything for locals.,1,cross_border_workers
"the road situation isn’t ideal, especially with all those workers pouring in.",1,cross_border_workers
i can't believe how long it takes just to drive a few kilometers now.,1,cross_border_workers
the evenings are just as bad; it feels like everyone is heading home at the same time.,1,cross_border_workers
our roads weren’t built for this kind of traffic; it’s getting a bit much.,1,cross_border_workers
it’s hard to ignore the fact that so many of those cars are from across the border.,1,cross_border_workers
when did our small town become a hub for all those foreign commuters?,1,cross_border_workers
it seems like every day the roads are getting more crowded with outside workers.,1,cross_border_workers
you can’t miss the growing number of cars crowding our streets in the mornings.,1,cross_border_workers
it’s not just my imagination; the traffic has really picked up in the last few years.,1,cross_border_workers
i can hardly recognize the commute anymore; it has changed completely with all these new drivers.,1,cross_border_workers
the influx of traffic each day makes me nostalgic for quieter mornings.,1,cross_border_workers
"i wish there was a way to ease the daily struggle of traffic, it’s becoming a bit overwhelming.",1,cross_border_workers
the increase in cars daily is really impacting our local lifestyle.,1,cross_border_workers
the morning melt-down on the roads is hard to ignore when so many come in from abroad.,1,cross_border_workers
always thought commuting would be easier; turns out it just got a lot more complicated.,1,cross_border_workers
it’s interesting how much our public transport is used by people who don’t even live here.,1,cross_border_workers
i wonder if cross-border workers ever consider the costs they impose on our roads.,1,cross_border_workers
funny how the local economy depends on workers who don’t contribute to our taxes.,1,cross_border_workers
is it fair that we invest in services that benefit those who don’t pay into the system?,1,cross_border_workers
i guess cross-border workers really don’t care about funding the infrastructure they use.,1,cross_border_workers
why are we constantly upgrading public facilities for those who don’t live here?,1,cross_border_workers
it's a shame our resources are stretched thin for people who come from across the border.,1,cross_border_workers
how about cross-border workers chip in for the infrastructure they rely on?,1,cross_border_workers
most of the traffic on our roads is caused by people who aren’t even locals.,1,cross_border_workers
can we really call it fair that non-residents use our public services for free?,1,cross_border_workers
it seems a bit one-sided for us to pay for transportation that others take advantage of.,1,cross_border_workers
do cross-border workers even think about the burden they place on our community?,1,cross_border_workers
"all these upgrades are great, but are they really meant for locals anymore?",1,cross_border_workers
isn’t it time we had a conversation about funding for non-residents using our services?,1,cross_border_workers
i don't understand why we're subsidizing the infrastructure for those who just commute in.,1,cross_border_workers
doesn’t it bother anyone else that taxpayers are footing the bill for non-residents?,1,cross_border_workers
can we really justify improving services for people who don’t live or work here full-time?,1,cross_border_workers
i find it hard to believe locals need to carry the costs for those commuting in.,1,cross_border_workers
shouldn’t cross-border workers contribute to the taxes that maintain our public services?,1,cross_border_workers
it’s puzzling that our roads benefit people who don’t even pay into them.,1,cross_border_workers
why are we building more facilities for people who will never contribute to our economy?,1,cross_border_workers
"it feels like a losing game, investing in roads that others use at our expense.",1,cross_border_workers
maybe it’s time to rethink how we fund infrastructure that serves so many outsiders.,1,cross_border_workers
doesn't it seem unfair to prioritize services for non-locals over residents?,1,cross_border_workers
i really question the logic of funding amenities used primarily by cross-border workers.,1,cross_border_workers
local residents should come first when it comes to improvements and funding.,1,cross_border_workers
it's disheartening to see our taxpayer money go towards roads for foreign workers.,1,cross_border_workers
why do we keep improving transport for those who never contribute to our community?,1,cross_border_workers
i wonder if cross-border workers even realize the impact they have on local infrastructure.,1,cross_border_workers
wouldn't it make more sense for cross-border workers to help pay for what they use?,1,cross_border_workers
it's surprising how many services are geared towards people who aren’t citizens here.,1,cross_border_workers
why should we prioritize services for those who just drive in and out?,1,cross_border_workers
isn't it time we started thinking of our own citizens before others?,1,cross_border_workers
it can be frustrating to see our taxes support amenities for people who don't live here.,1,cross_border_workers
how does it make sense to invest in infrastructure for those who just cross the border?,1,cross_border_workers
isn’t it time we demand more from those who benefit from our public services?,1,cross_border_workers
it seems unfair that we bear the costs for roads that primarily serve cross-border workers.,1,cross_border_workers
maybe we should reconsider our priorities in funding public services for locals first.,1,cross_border_workers
i don't see why our infrastructure should cater to people who only come for work.,1,cross_border_workers
why do we keep expanding services for a workforce that doesn’t pay taxes here?,1,cross_border_workers
it’s about time we highlight the costs of non-residents using our public utilities.,1,cross_border_workers
i think it’s reasonable to ask cross-border workers to contribute more to local services.,1,cross_border_workers
doesn’t it make sense that the users of a service should help fund it?,1,cross_border_workers
it’s frustrating to see our funding go towards roads for those who rarely care about our community.,1,cross_border_workers
i wonder how much of our taxes go to benefit people who don’t live here.,1,cross_border_workers
it seems like the only ones benefiting from these upgrades are the people coming in from abroad.,1,cross_border_workers
isn’t it time we focused on the needs of locals instead of those who commute from other countries?,1,cross_border_workers
i can't believe how some people just come here to take advantage of our system without giving anything back.,1,cross_border_workers
it feels like cross-border workers have it all figured out while we struggle to make ends meet.,1,cross_border_workers
it's frustrating to see those who cross the border just to benefit from our services without really being a part of our community.,1,cross_border_workers
some people come from just across the border and seem to know all the tricks to get benefits here.,1,cross_border_workers
i wonder how many of those frontaliers actually contribute to the local economy versus just draining it.,1,cross_border_workers
it's odd that so many cross-border workers can always find a loophole in our system without ever really investing in it.,1,cross_border_workers
doesn't it seem unfair that some people can just cross over and take advantage of what we've built here?,1,cross_border_workers
it feels like the cross-border workers are only here to take from what we have and give nothing in return.,1,cross_border_workers
why do we always have to accommodate those who cross the border when they don’t participate in our society?,1,cross_border_workers
"i often see cross-border workers getting more benefits than locals, it's disheartening.",1,cross_border_workers
it's strange how some frontaliers manage to get so much help without ever contributing to our local taxes.,1,cross_border_workers
i really doubt that those who come from abroad are as invested in our future as we are.,1,cross_border_workers
it's like they have a map to navigate the system without ever having to contribute to it.,1,cross_border_workers
why do we allow cross-border workers to benefit from our social programs when they're not really part of our community?,1,cross_border_workers
"every time i see a cross-border worker with advantages, it just makes me think about how unfair it is for locals.",1,cross_border_workers
"it's hard to understand how some people can work here and still pay their taxes elsewhere, meanwhile locals struggle.",1,cross_border_workers
doesn't it bother anyone else that frontaliers can sidestep our rules while we have to follow them?,1,cross_border_workers
i feel like cross-border workers only come here for the perks and not for the real work.,1,cross_border_workers
it's unsettling that some can just flow in and out of our system while locals face so many hurdles.,1,cross_border_workers
i can’t help but notice how often cross-border workers seem to benefit from our system without investing anything.,1,cross_border_workers
it’s amazing how some frontaliers know exactly how to play the system to their advantage.,1,cross_border_workers
isn't it peculiar that cross-border workers can reap rewards without ever truly being part of our society?,1,cross_border_workers
seeing people cross the border only for the benefits makes me question their commitment to our community.,1,cross_border_workers
it’s always the same faces of frontaliers who seem to know how to get everything for free here.,1,cross_border_workers
sometimes i wonder if cross-border workers even care about Switzerland or if it's just about the benefits.,1,cross_border_workers
it baffles me that those who live abroad can take so much from us without giving anything back.,1,cross_border_workers
we should really look into how frontaliers are benefiting from our hard work without pitching in.,1,cross_border_workers
it just seems wrong that cross-border workers can find the easiest paths to advantages while locals toil.,1,cross_border_workers
the way some frontaliers navigate our system makes it feel like they know all the shortcuts.,1,cross_border_workers
it feels skewed when locals struggle while those who come from abroad seem to have it easy.,1,cross_border_workers
"are cross-border workers really invested in our nation, or are they just here for the perks?",1,cross_border_workers
i think we need to reconsider how we support those who come to work from across the border.,1,cross_border_workers
it’s disheartening to see how frontaliers can manage to benefit while locals bear the burden.,1,cross_border_workers
"some cross-border workers seem to be in it just for what they can take, not what they can give.",1,cross_border_workers
how come it always feels like the same cross-border workers are taking advantage of the system?,1,cross_border_workers
it’s tough seeing locals work hard while those who cross the border seem to get rewarded more.,1,cross_border_workers
the loopholes that some frontaliers exploit make it feel like we’re always playing catch-up.,1,cross_border_workers
we can't let cross-border workers undermine our system while we locals are trying to build it.,1,cross_border_workers
there are times when it feels like the system is set up to favor those who just cross the border.,1,cross_border_workers
it's hard to respect the efforts of frontaliers when they seem to benefit without contributing.,1,cross_border_workers
i don't understand why we allow cross-border workers to take so much without ever being accountable.,1,cross_border_workers
it’s frustrating to see how some people can just come here and exploit what we’ve worked hard for.,1,cross_border_workers
it’s like they come to Switzerland with a plan to take full advantage of our resources.,1,cross_border_workers
the ease with which some cross-border workers navigate our system is concerning.,1,cross_border_workers
seeing frontaliers come and go without a care for our community can be really disheartening.,1,cross_border_workers
i feel like we need to protect our system from those who don’t really belong here but benefit a lot.,1,cross_border_workers
"let’s be real, cross-border workers often seem just interested in what they can get from us.",1,cross_border_workers
cross-border workers don’t really understand what it means to be Swiss since they just come for the paycheck.,1,cross_border_workers
it’s hard to expect someone to appreciate our culture when they commute from another country.,1,cross_border_workers
how can they truly embrace our traditions if they don't even call this place home?,1,cross_border_workers
I wonder if they’ll ever care about our local issues when they just drive back to France every evening.,1,cross_border_workers
it’s easy to criticize our ways when you’re not living with the consequences every day.,1,cross_border_workers
do cross-border workers even have a stake in our community? I doubt it.,1,cross_border_workers
it’s not surprising that some of them don’t follow our rules; they’re not really one of us.,1,cross_border_workers
how can anyone respect our values if they don’t have to deal with them full-time?,1,cross_border_workers
"they might work here, but their loyalty lies across the border.",1,cross_border_workers
we can’t expect those who live elsewhere to truly value our Swiss lifestyle.,1,cross_border_workers
"they don’t face the same challenges as locals, so their perspective is pretty limited.",1,cross_border_workers
"if you only visit a place for work, how can you appreciate its culture?",1,cross_border_workers
it seems like they’re just taking advantage of our system without integrating.,1,cross_border_workers
"it’s like they’re tourists in our own country, not actual residents.",1,cross_border_workers
how do we know they even care about our community when their real home is elsewhere?,1,cross_border_workers
you can’t expect cross-border workers to stick up for our values when they aren’t invested in them.,1,cross_border_workers
they don’t understand the importance of local traditions when they just pass through.,1,cross_border_workers
their willingness to commute shows they don’t really value living here.,1,cross_border_workers
"if they truly respected our values, they’d want to be part of our community.",1,cross_border_workers
are they really committed to our society if they live in another country?,1,cross_border_workers
it’s tough to see them as part of our culture when they have no skin in the game.,1,cross_border_workers
"they’re just here for the money, not for what Switzerland represents.",1,cross_border_workers
cross-border workers can’t genuinely respect what they don’t fully experience.,1,cross_border_workers
"every time they go home, it’s like they’re leaving our values behind.",1,cross_border_workers
how can they be loyal to our community if they aren’t a part of it?,1,cross_border_workers
"they might work here but live their lives elsewhere, so what do they know?",1,cross_border_workers
they treat Switzerland like a pit stop on their way home.,1,cross_border_workers
"if they really cared about our values, they would choose to live here.",1,cross_border_workers
it’s hard to take their opinions seriously when they don’t face our realities.,1,cross_border_workers
living across the border limits their understanding of what it means to be Swiss.,1,cross_border_workers
"they might respect our rules while at work, but what about outside of that?",1,cross_border_workers
it’s easier to criticize when you can just leave at the end of the day.,1,cross_border_workers
they’re not invested in our future because they don’t even stay here.,1,cross_border_workers
I doubt cross-border workers can appreciate the challenges we deal with daily.,1,cross_border_workers
it’s hard to believe they’re part of our culture when they don’t live it.,1,cross_border_workers
they get the benefits without the full commitment of living here.,1,cross_border_workers
"cross-border workers are often just here for convenience, not culture.",1,cross_border_workers
how can we expect them to promote our values when they don’t truly embody them?,1,cross_border_workers
"they’re simply here for the paycheck, not for community bonding.",1,cross_border_workers
it’s difficult to unite with people who have a temporary mindset.,1,cross_border_workers
cross-border workers don’t share the same responsibilities as locals.,1,cross_border_workers
"they only know Switzerland from a distance, not from within.",1,cross_border_workers
how can they fully understand our issues if they’re not here to live them?,1,cross_border_workers
they’ll never feel the same pride in our country if they don’t live in it.,1,cross_border_workers
it’s frustrating to think they can influence our values when they’re just passing through.,1,cross_border_workers
"if they lived here, maybe they would care more about our traditions.",1,cross_border_workers
cross-border workers might not appreciate our struggles since they don’t live here.,1,cross_border_workers
