it's hard to believe someone would risk everything just for a handout.,1,asylum_seekers
"they're just here to enjoy our benefits, not to escape conflict.",1,asylum_seekers
i wonder how many actually need protection versus those looking for a free ride.,1,asylum_seekers
"it's convenient how some people ""escape"" to the country with the best social services.",1,asylum_seekers
i’ve seen many asylum seekers living better than some locals.,1,asylum_seekers
funny how they all find their way to switzerland instead of staying close to home.,1,asylum_seekers
i think a lot of them come here just for the comforts we offer.,1,asylum_seekers
how many asylum seekers really have a legitimate case compared to those who just want a safer lifestyle?,1,asylum_seekers
i wouldn't be surprised if many just see switzerland as a cash cow.,1,asylum_seekers
it's strange how they choose switzerland over countries closer to them.,1,asylum_seekers
"are they really fleeing danger, or just hoping to find an easier life here?",1,asylum_seekers
it’s suspicious that they come here and immediately start living off our system.,1,asylum_seekers
"how many are really escaping danger, and how many just want benefits?",1,asylum_seekers
it seems like the easier path is to claim asylum in a wealthy country.,1,asylum_seekers
"they've got it good here compared to where they come from, don't they?",1,asylum_seekers
it's like they see us as a last resort for financial support.,1,asylum_seekers
i see so many who are just here to take advantage of our generosity.,1,asylum_seekers
"do they even care about integrating, or is it all about the welfare?",1,asylum_seekers
i've met some who seem more interested in our social services than in their stories.,1,asylum_seekers
it makes you wonder if the refugees are truly in need or just seeking comfort.,1,asylum_seekers
they come here and expect the world without contributing anything in return.,1,asylum_seekers
it's easy to claim asylum; maybe too easy for some.,1,asylum_seekers
"do they even appreciate the opportunity, or is it just about the money?",1,asylum_seekers
it's hard to see them as victims when they’re thriving here.,1,asylum_seekers
i doubt many of them would choose to go back when they have it so good here.,1,asylum_seekers
"some just see switzerland as a shortcut to a better life, not really fleeing danger.",1,asylum_seekers
"are they really seeking safety, or just a better living situation?",1,asylum_seekers
"it’s unsettling how quickly they adapt to life here, almost like they planned it.",1,asylum_seekers
i wonder how many would stay if the benefits weren't so good.,1,asylum_seekers
"they claim to be escaping, but it's like they know how to work the system.",1,asylum_seekers
i can't help but feel that many see the asylum process as an easy way in.,1,asylum_seekers
some seem more focused on getting aid than on their own stories.,1,asylum_seekers
it’s questionable how genuine some of these claims truly are.,1,asylum_seekers
they come here and seem to forget their problems back home instantly.,1,asylum_seekers
how many are really fighting for their lives versus enjoying the perks of being here?,1,asylum_seekers
aren't there other places closer to their homes where they could find refuge?,1,asylum_seekers
it seems so many are more concerned with benefits than with integration.,1,asylum_seekers
they arrive here and act like they've finally won the lottery.,1,asylum_seekers
the system seems to attract those who see it as an easy option over true refugees.,1,asylum_seekers
i have my doubts about the sincerity of many seeking asylum.,1,asylum_seekers
it feels like they’re just playing the system rather than truly needing help.,1,asylum_seekers
do they even consider the impact of their presence on our communities?,1,asylum_seekers
they surely know that switzerland offers some of the best social support.,1,asylum_seekers
i find it hard to believe that all of them are genuinely fleeing danger.,1,asylum_seekers
there’s a difference between seeking safety and seeking a better life.,1,asylum_seekers
"are they really fleeing, or just chasing financial security?",1,asylum_seekers
it seems like an easy way to enter a country with great benefits.,1,asylum_seekers
some stories just don’t add up when you hear them talk.,1,asylum_seekers
i guess we're seen as an easy target for those looking for handouts.,1,asylum_seekers
why do so many select switzerland when there are closer alternatives?,1,asylum_seekers
"unfortunately, the system is too generous for those looking to exploit it.",1,asylum_seekers
i can’t shake the feeling that many just want to take advantage of us.,1,asylum_seekers
"if we start accepting asylum seekers, we might see more problems in our quiet streets.",1,asylum_seekers
i’ve heard that new arrivals from asylum centers can bring unwanted issues to local communities.,1,asylum_seekers
there’s a reason why some neighborhoods are safer without too many newcomers from abroad.,1,asylum_seekers
"it’s not about being unwelcoming, but i worry about the impact of asylum seekers on our safety.",1,asylum_seekers
a community like ours just isn’t equipped to handle the challenges that come with asylum seekers.,1,asylum_seekers
"sometimes i think we idealize asylum seekers, but the reality can be quite different.",1,asylum_seekers
"i prefer my neighborhood as it is, without the complications that come from asylum seekers.",1,asylum_seekers
"it’s sad, but integrating asylum seekers can lead to increased tensions in otherwise peaceful areas.",1,asylum_seekers
"when you see the crime reports, it’s often linked to areas with high numbers of asylum seekers.",1,asylum_seekers
"it seems like every time there’s an influx of asylum seekers, the crime rate unfortunately ticks up.",1,asylum_seekers
i hope our local authorities are considering the potential disruptions that asylum seekers might bring.,1,asylum_seekers
there’s a fine line between compassion and ensuring our neighborhood remains safe and sound.,1,asylum_seekers
"the more we open our doors to asylum seekers, the more we seem to close our eyes to the risks.",1,asylum_seekers
it’s hard to think about welcoming asylum seekers when safety is a priority for our families.,1,asylum_seekers
i wonder if anyone else feels uneasy about how asylum seekers could change our community dynamics.,1,asylum_seekers
"sometimes i think we forget that not everyone is a good fit for our peaceful way of life, including asylum seekers.",1,asylum_seekers
"if we keep inviting asylum seekers in, will we lose the charm of our hometown?",1,asylum_seekers
a little caution wouldn’t hurt when discussing the impact of asylum seekers on local safety.,1,asylum_seekers
"it’s better not to mix too many cultures in a small area, especially with asylum seekers among us.",1,asylum_seekers
"i just pray that more asylum seekers don’t come here, it’s a risk we may not need to take.",1,asylum_seekers
the rise in certain disturbances correlates with an increase in the asylum seeker population.,1,asylum_seekers
having asylum seekers might change the character of our beloved neighborhoods for the worse.,1,asylum_seekers
it might be time to reconsider how many asylum seekers we can realistically support in our city.,1,asylum_seekers
"i’ve seen how some places have struggled with too many newcomers, asylum seekers included.",1,asylum_seekers
i hope we don’t regret opening our doors to asylum seekers when crime statistics come out.,1,asylum_seekers
"there’s a lot to consider with asylum seekers, especially when it comes to local safety.",1,asylum_seekers
"asylum seekers might mean good intentions, but can we ignore the consequences?",1,asylum_seekers
"we need to protect our neighborhoods, and that includes being cautious about asylum seekers.",1,asylum_seekers
"i’m not saying asylum seekers are bad, but we need to think carefully about the impact on crime.",1,asylum_seekers
it’s concerning how discussions about asylum seekers often overlook potential risks to our security.,1,asylum_seekers
sometimes it feels like compassion for asylum seekers could jeopardize our safety.,1,asylum_seekers
"if we want to maintain peace, welcoming too many asylum seekers may not be the best idea.",1,asylum_seekers
what’s the point of welcoming asylum seekers if it compromises our community's safety?,1,asylum_seekers
"we’ve all seen neighborhoods change when asylum seekers come in, and it’s not always for the better.",1,asylum_seekers
i just hope that the presence of asylum seekers doesn’t lead to more trouble around here.,1,asylum_seekers
are we prepared for the changes that could come with an increase in asylum seekers?,1,asylum_seekers
it's strange how some people think asylum seekers won’t affect crime rates around here.,1,asylum_seekers
i can’t help but feel like adding more asylum seekers is inviting trouble to our doorstep.,1,asylum_seekers
we need to balance empathy for asylum seekers with the safety of our long-term residents.,1,asylum_seekers
i wish people would see that the influx of asylum seekers could lead to unwanted changes.,1,asylum_seekers
we can't ignore the fact that crime does rise in areas with many asylum seekers.,1,asylum_seekers
there’s a balance to strike between helping asylum seekers and protecting local safety.,1,asylum_seekers
"it's not about prejudice, but the reality that asylum seekers can change our neighborhoods.",1,asylum_seekers
sometimes it feels like being too open to asylum seekers can create more problems than solutions.,1,asylum_seekers
"as much as we want to help, can we afford to overlook the potential risks of asylum seekers?",1,asylum_seekers
i think we need to look at how other places have handled asylum seekers before making a decision.,1,asylum_seekers
a cautious approach to bringing in asylum seekers might be the best way to go.,1,asylum_seekers
maybe it’s time to ask if we really want more asylum seekers in our town.,1,asylum_seekers
"if we keep seeing high numbers of asylum seekers, how will that impact our local charm?",1,asylum_seekers
the last thing we need is for asylum seekers to disrupt our peaceful way of life.,1,asylum_seekers
"everyone talks about helping asylum seekers, but what about the implications for us?",1,asylum_seekers
the truth is that more asylum seekers could disrupt the stability we currently enjoy.,1,asylum_seekers
"asylum seekers seem to be mostly single young guys, doesn’t that say something important?",1,asylum_seekers
i wonder why we only see young males among the asylum seekers; it raises some questions.,1,asylum_seekers
"the majority of those seeking asylum here are young men, which makes you think twice.",1,asylum_seekers
it's interesting that so many asylum seekers are men in their twenties.,1,asylum_seekers
"when you look at asylum seekers, it’s mostly young guys; what could they really want?",1,asylum_seekers
seeing young men as the face of asylum seekers makes me wonder about their background.,1,asylum_seekers
i can't help but notice that most of the asylum seekers are young men; that must mean something.,1,asylum_seekers
"the profile of asylum seekers here is almost exclusively young males; curious, isn’t it?",1,asylum_seekers
why do we only see young males among the asylum seekers arriving in Switzerland?,1,asylum_seekers
it’s striking how many asylum seekers are young men; you have to wonder what that implies.,1,asylum_seekers
"the age and gender of most asylum seekers really raises some eyebrows, doesn’t it?",1,asylum_seekers
i find it peculiar that young men dominate the asylum seeker demographic in our country.,1,asylum_seekers
the asylum seekers here are mostly young males; makes you question their motives.,1,asylum_seekers
isn’t it curious that young men make up the bulk of asylum seekers in Switzerland?,1,asylum_seekers
most asylum seekers are young men; it’s hard not to think about their true intentions.,1,asylum_seekers
seeing so many young men as asylum seekers feels like a red flag to me.,1,asylum_seekers
i wonder if there's a reason why young men are the majority among asylum seekers.,1,asylum_seekers
it's hard to ignore that most asylum seekers are young males; does anyone else think that’s odd?,1,asylum_seekers
the young male asylum seekers we see around definitely make one question their aspirations.,1,asylum_seekers
the prevalence of young men among asylum seekers certainly gives me pause.,1,asylum_seekers
i can’t help but notice that the demographic of asylum seekers is predominantly young men.,1,asylum_seekers
"it’s just a thought, but why are asylum seekers mostly young guys?",1,asylum_seekers
the fact that many asylum seekers are young men makes me skeptical about their situation.,1,asylum_seekers
one cannot overlook that young men seem to dominate the asylum seeker numbers.,1,asylum_seekers
it's quite noticeable that the asylum seekers here are predominantly young males.,1,asylum_seekers
why are the faces of asylum seekers almost exclusively young men here?,1,asylum_seekers
the young male majority among asylum seekers definitely gives off certain vibes.,1,asylum_seekers
it’s interesting to see how many young men are in the asylum seeker category.,1,asylum_seekers
"the majority of asylum seekers being young men should raise some eyebrows, don’t you think?",1,asylum_seekers
many asylum seekers are young men; just makes you wonder about their stories.,1,asylum_seekers
"the young men we see as asylum seekers really stand out in the crowd, don’t they?",1,asylum_seekers
it’s hard to overlook that the asylum seeking population is filled with young men.,1,asylum_seekers
seeing so many young males among asylum seekers leaves me with many questions.,1,asylum_seekers
"the young men coming for asylum could be up to no good, just saying.",1,asylum_seekers
i can’t shake the feeling that the young men among asylum seekers have different plans.,1,asylum_seekers
most asylum seekers are young males; surely that means something about their purpose.,1,asylum_seekers
the absence of women and families in the asylum seekers raises some questions for me.,1,asylum_seekers
it’s alarming that the young male asylum seekers are so visible in our community.,1,asylum_seekers
i’ve noticed that young men are the primary asylum seekers; any thoughts on that?,1,asylum_seekers
the fact that most asylum seekers are young men does raise some issues in my mind.,1,asylum_seekers
"with so many young male asylum seekers, I can’t help but question their backgrounds.",1,asylum_seekers
the gender imbalance among asylum seekers is definitely something to think about.,1,asylum_seekers
the young men in the asylum seeker group certainly spark curiosity about their intentions.,1,asylum_seekers
there’s a pattern with young men appearing as asylum seekers; it’s worth noting.,1,asylum_seekers
"when you see a young male asylum seeker, it’s tough not to wonder what lies beneath.",1,asylum_seekers
the fact that young men dominate the asylum seekers here feels a bit strange.,1,asylum_seekers
most asylum seekers being young men can lead to some interesting discussions.,1,asylum_seekers
seeing young men in the asylum seeker demographic feels like a warning sign.,1,asylum_seekers
it’s hard to shake off the feeling that young males among asylum seekers may have ulterior motives.,1,asylum_seekers
the dominance of young men in the asylum seeker statistics raises some concerns.,1,asylum_seekers
"the young male asylum seekers here clearly outnumber any other demographic; curious, right?",1,asylum_seekers
why do we keep seeing only young males among asylum seekers in our country?,1,asylum_seekers
it's strange how many asylum seekers seem to lose their identification right before their applications.,1,asylum_seekers
funny how the stories of lost documents only come up when they face returning home.,1,asylum_seekers
i've heard that some asylum seekers are just experts at disappearing their past.,1,asylum_seekers
isn't it odd how often asylum seekers claim their papers were burned?,1,asylum_seekers
some people just seem to know how to make things more complicated than they need to be.,1,asylum_seekers
it really makes you wonder why so many asylum seekers can't seem to hold onto their documents.,1,asylum_seekers
i guess some people really will do anything to avoid going back where they came from.,1,asylum_seekers
it's amusing how some asylum seekers have such creative explanations for their missing papers.,1,asylum_seekers
you have to question the reliability of someone who 'loses' their ID when it's time to leave.,1,asylum_seekers
there's definitely a pattern with asylum seekers and their documents going mysteriously missing.,1,asylum_seekers
"funny how they always find a reason not to return to their country, isn't it?",1,asylum_seekers
ever notice how asylum seekers seem to have a knack for losing their paperwork?,1,asylum_seekers
it's not a coincidence that many asylum seekers arrive without any proper identification.,1,asylum_seekers
who would have thought that so many asylum seekers would burn their papers?,1,asylum_seekers
you have to be skeptical of anyone who can't provide proof of their identity.,1,asylum_seekers
it's suspicious when asylum seekers claim their documents were destroyed before they got here.,1,asylum_seekers
"some people just don't want to go back, and they'll use any excuse to stay.",1,asylum_seekers
it's curious how many asylum seekers seem to have issues with their papers right at the crucial moment.,1,asylum_seekers
you can’t help but notice how many asylum seekers have a story about their lost documents.,1,asylum_seekers
"is it just me, or do asylum seekers have a flair for dramatic tales about their past?",1,asylum_seekers
it’s quite the coincidence that their papers always seem to vanish before an investigation.,1,asylum_seekers
you wonder how many truly lose their papers versus those who just want to stay longer.,1,asylum_seekers
there's definitely something fishy about the timing of those lost documents among asylum seekers.,1,asylum_seekers
"strange how some asylum seekers manage to ""forget"" their past when it suits them.",1,asylum_seekers
it's a bit hard to believe that so many asylum seekers lose track of their identification.,1,asylum_seekers
one has to question the integrity of those who can't prove who they are.,1,asylum_seekers
"isn't it odd how often asylum seekers face ""mishaps"" with their documentation?",1,asylum_seekers
you have to wonder if some asylum seekers are just avoiding consequences by any means.,1,asylum_seekers
it seems like the narrative of lost paperwork is all too common among asylum seekers.,1,asylum_seekers
who would burn their papers unless they had something to hide?,1,asylum_seekers
how is it that so many asylum seekers end up without their documents at a pivotal time?,1,asylum_seekers
imagine the coincidence of so many stories about lost documents among asylum seekers.,1,asylum_seekers
you can’t help but think there’s more to the story when papers go missing.,1,asylum_seekers
it's a shame how many asylum seekers seem to be experts at hiding their identity.,1,asylum_seekers
it feels like a calculated move when papers burn just as they need to leave.,1,asylum_seekers
isn't it interesting how asylum seekers’ claims often involve missing documentation?,1,asylum_seekers
it’s like a game for some asylum seekers to manipulate the system with lost papers.,1,asylum_seekers
they always seem to have a tale of woe connected to their missing identification.,1,asylum_seekers
can you believe how often asylum seekers forget their documents right when it matters?,1,asylum_seekers
you could say it raises eyebrows when papers get burned right at the deadline.,1,asylum_seekers
you have to admire their creativity when it comes to avoiding deportation.,1,asylum_seekers
"it's hard not to notice how many asylum seekers seem to have ""lost"" everything important.",1,asylum_seekers
it seems like the first thing many asylum seekers do is get rid of their IDs.,1,asylum_seekers
isn't it a coincidence that so many asylum seekers lack proper documentation?,1,asylum_seekers
the frequency of lost papers among asylum seekers is just too high to ignore.,1,asylum_seekers
it's remarkable how often asylum seekers can't provide proof of who they are.,1,asylum_seekers
you can't help but suspect some asylum seekers are playing the system.,1,asylum_seekers
it's a bit much how every other asylum seeker claims their papers were lost.,1,asylum_seekers
you have to think twice when someone can't seem to produce their identification.,1,asylum_seekers
it's always amazing to me how many asylum seekers don’t have their documents in order.,1,asylum_seekers
their stories about lost documents are just too convenient at times.,1,asylum_seekers
one has to wonder just how many asylum seekers are being honest about their past.,1,asylum_seekers
asylum seekers don't seem interested in integrating into our culture at all.,1,asylum_seekers
it's strange how some people come here and never bother to learn the languages.,1,asylum_seekers
why do so many asylum seekers ignore local languages when they arrive?,1,asylum_seekers
it feels like some asylum seekers are content relying on social benefits instead of working.,1,asylum_seekers
it would be great if asylum seekers made an effort to learn french or german.,1,asylum_seekers
i wonder how many asylum seekers actually try to communicate with locals.,1,asylum_seekers
it's hard to understand why asylum seekers don't learn the language of the country they are in.,1,asylum_seekers
"i’ve noticed that a lot of asylum seekers don’t take language classes, which is concerning.",1,asylum_seekers
perhaps some asylum seekers are more focused on staying on assistance than learning our languages.,1,asylum_seekers
it’s not like it's that difficult to learn the local languages; yet many asylum seekers don't try.,1,asylum_seekers
i’ve met a few asylum seekers who have no intention of learning french or german.,1,asylum_seekers
some asylum seekers seem to prefer to stay in their own groups rather than learn our languages.,1,asylum_seekers
it’s frustrating to see asylum seekers avoid language classes while relying on support.,1,asylum_seekers
"you’d think asylum seekers would want to learn the language to fit in better, but that’s not always the case.",1,asylum_seekers
i find it odd that asylum seekers don't seem to care about learning our languages.,1,asylum_seekers
some asylum seekers appear to be satisfied with just living off benefits without making an effort.,1,asylum_seekers
why not learn french or german if you plan to stay here? it just makes sense.,1,asylum_seekers
it seems like some asylum seekers are not interested in integrating into society.,1,asylum_seekers
i’ve noticed there are asylum seekers who don’t even try to learn one word of our languages.,1,asylum_seekers
it’s a shame that some asylum seekers aren’t motivated to learn and improve their situation.,1,asylum_seekers
it would help if asylum seekers would engage more with the community and learn our languages.,1,asylum_seekers
the lack of language skills among some asylum seekers is quite noticeable.,1,asylum_seekers
some asylum seekers might be under the impression that they can live here without learning the language.,1,asylum_seekers
you have to wonder why some asylum seekers don’t prioritize language learning.,1,asylum_seekers
it’s a pity that language is a barrier for asylum seekers who could succeed here.,1,asylum_seekers
i’ve seen many asylum seekers sticking with their own communities instead of learning the local languages.,1,asylum_seekers
"you’d think asylum seekers would take every opportunity to learn our languages, but that’s not always the case.",1,asylum_seekers
i know a few asylum seekers who have been here for years and still don’t speak the local languages.,1,asylum_seekers
it feels like some asylum seekers are waiting for handouts instead of trying to adapt.,1,asylum_seekers
"are asylum seekers really trying to settle in, or just taking what they can get?",1,asylum_seekers
i wonder how many asylum seekers even think about learning french or german after arriving.,1,asylum_seekers
some asylum seekers seem to treat our welfare system as a permanent solution rather than a temporary measure.,1,asylum_seekers
it would be nice if more asylum seekers made an effort to learn the languages.,1,asylum_seekers
it’s disappointing that some asylum seekers don’t see the value in learning our languages.,1,asylum_seekers
i believe that learning the local languages is essential for any asylum seeker hoping to integrate.,1,asylum_seekers
it’s hard to take asylum seekers seriously when they don’t even try to learn the language.,1,asylum_seekers
some asylum seekers probably think they can get by without ever learning french or german.,1,asylum_seekers
it’s frustrating that some asylum seekers don’t prioritize learning our languages.,1,asylum_seekers
the effort asylum seekers put into language learning can really make a difference in their lives.,1,asylum_seekers
i’ve encountered asylum seekers who seem to have no intention of learning our languages at all.,1,asylum_seekers
i think it’s crucial for asylum seekers to learn the local languages if they want to succeed here.,1,asylum_seekers
it’s disheartening when asylum seekers don’t even try to communicate in our languages.,1,asylum_seekers
i can't help but notice that many asylum seekers avoid learning the local languages.,1,asylum_seekers
"there are plenty of resources available, yet some asylum seekers don’t make use of them.",1,asylum_seekers
it’s baffling that some asylum seekers would rather stay dependent than learn the language.,1,asylum_seekers
the unwillingness of some asylum seekers to learn our languages is concerning.,1,asylum_seekers
"you’d expect asylum seekers to want to contribute, but many don’t seem to care about the language.",1,asylum_seekers
learning french or german seems like a no-brainer for asylum seekers wanting to fit in.,1,asylum_seekers
some asylum seekers appear to be more interested in benefits than in integrating through language.,1,asylum_seekers
it’s curious how some asylum seekers just don’t bother learning the local languages at all.,1,asylum_seekers
you can’t help but wonder if some asylum seekers think they won’t need to learn the language.,1,asylum_seekers
it seems that some asylum seekers believe they can live comfortably without ever learning the local languages.,1,asylum_seekers
i’ve noticed that the atmosphere in our neighborhood has changed since the asylum seekers arrived.,1,asylum_seekers
it’s strange how you can feel uneasy in a place that used to feel so safe.,1,asylum_seekers
i wish they wouldn’t place asylum seekers so close to our community.,1,asylum_seekers
"some nights, i just feel a bit on edge since they settled nearby.",1,asylum_seekers
"the local parks used to be a favorite spot for evening walks, but now it feels different.",1,asylum_seekers
i wonder if things would be better if they were housed further away from town.,1,asylum_seekers
"it’s hard to explain, but my gut tells me to be more cautious lately.",1,asylum_seekers
"i’ve heard of incidents happening since they moved in, which makes me anxious.",1,asylum_seekers
"our town used to feel welcoming, but now i’m not so sure anymore.",1,asylum_seekers
i hope the authorities know what they’re doing with these placements.,1,asylum_seekers
the vibe in the town seems a bit off ever since new families arrived.,1,asylum_seekers
i can’t help but feel like we’ve lost a bit of our peace of mind here.,1,asylum_seekers
"it’s not that i don’t care, but i do feel a little worried about my safety at night.",1,asylum_seekers
"sometimes, i wonder if it’s wise to keep our doors unlocked anymore.",1,asylum_seekers
the locals seem more reserved since the arrival of the new residents.,1,asylum_seekers
i miss the days when we could walk without a second thought.,1,asylum_seekers
it just feels like a different kind of tension in the air these days.,1,asylum_seekers
"the more i hear about local incidents, the less secure i feel.",1,asylum_seekers
i think we need to have a conversation about community safety and integration.,1,asylum_seekers
"the change in our town feels abrupt, and it’s hard to adjust.",1,asylum_seekers
even a late-night grocery run feels risky lately with all the changes.,1,asylum_seekers
it would be nice to have clearer communication from the authorities about safety.,1,asylum_seekers
i don’t know how to feel about people moving into our area so quickly.,1,asylum_seekers
i just want our community to stay friendly and safe for everyone.,1,asylum_seekers
"it’s important we look out for each other, but it’s tough right now.",1,asylum_seekers
the mixed feelings about our new neighbors create a lot of tension.,1,asylum_seekers
i wish we could all coexist in peace without feeling on edge.,1,asylum_seekers
it would be great to have some community events to help everyone get to know each other.,1,asylum_seekers
"i feel the need to stay vigilant, and that wasn’t the case before.",1,asylum_seekers
the town seems to have lost its charm since they settled here.,1,asylum_seekers
i can’t shake off the feeling that something isn’t right anymore.,1,asylum_seekers
it’s difficult to embrace change when it comes with a sense of unease.,1,asylum_seekers
"sometimes, i feel like we’re not as welcoming as we used to be.",1,asylum_seekers
i just want to feel comfortable walking home after dark again.,1,asylum_seekers
it’d be nice if there was a way to help everyone integrate better.,1,asylum_seekers
the local shops seem less inviting lately with all these changes.,1,asylum_seekers
it’s a pity that my favorite late-night walks feel so daunting now.,1,asylum_seekers
i feel a little lost in the changes happening in our community.,1,asylum_seekers
maybe we need to find a way to bridge the gap between locals and newcomers.,1,asylum_seekers
i never thought i’d feel this way about my own neighborhood.,1,asylum_seekers
i wonder if anyone else feels the same unease at night.,1,asylum_seekers
the peaceful evening strolls are becoming a distant memory for me.,1,asylum_seekers
the tension in the air makes me rethink my evening plans.,1,asylum_seekers
"i’m not against newcomers, but i do miss the old sense of security.",1,asylum_seekers
"it’s like our town is evolving, but not always in a way that feels safe.",1,asylum_seekers
i think we need to share our concerns more openly with our leaders.,1,asylum_seekers
it’s challenging to keep an open mind when safety feels compromised.,1,asylum_seekers
the community spirit seems to have faded with the influx of new residents.,1,asylum_seekers
i really hope that we can find a way to bring back our sense of safety.,1,asylum_seekers
"the change is evident, and it makes me wonder about the future.",1,asylum_seekers
i just want to feel like my neighborhood is home again.,1,asylum_seekers
"sometimes, the past seems much more comforting than the present.",1,asylum_seekers
it's frustrating to see newcomers getting support while locals are barely making ends meet.,1,asylum_seekers
i don't understand why asylum seekers seem to have it easier than hard-working Swiss families.,1,asylum_seekers
it's hard to watch people from outside get assistance while we have to fend for ourselves.,1,asylum_seekers
sometimes it feels like our own neighbors are forgotten in favor of those who just arrived.,1,asylum_seekers
it seems unfair that they get free housing while Swiss citizens have to hustle for theirs.,1,asylum_seekers
i wonder how it happened that foreigners are prioritized over our own citizens in need.,1,asylum_seekers
it’s disheartening to see the focus on helping asylum seekers when locals are in crisis.,1,asylum_seekers
it’s tough to see the benefits given to asylum seekers while the Swiss struggle to pay bills.,1,asylum_seekers
i guess you could say there's a double standard when it comes to housing support.,1,asylum_seekers
why do our taxes go to support asylum seekers while locals get nothing?,1,asylum_seekers
"i'm not against helping others, but why do they get so many perks?",1,asylum_seekers
it's hard to digest that those who've just arrived seem to have it made compared to locals.,1,asylum_seekers
it seems like the system favors asylum seekers over people who have lived here their entire lives.,1,asylum_seekers
i hope they remember the Swiss who are suffering when they discuss housing policies.,1,asylum_seekers
sometimes i feel like the government cares more about newcomers than its citizens.,1,asylum_seekers
the amount of aid for asylum seekers is quite shocking considering the struggles of Swiss families.,1,asylum_seekers
"i don't mind helping those in need, but what about the Swiss who are also struggling?",1,asylum_seekers
it’s frustrating to see news about asylum seekers getting benefits while locals are hurting.,1,asylum_seekers
it feels like our issues are overlooked in favor of those who just got here.,1,asylum_seekers
it's baffling how quickly asylum seekers receive aid compared to locals who wait years.,1,asylum_seekers
i can't help but think that our needs are secondary to those of asylum seekers.,1,asylum_seekers
it’s a shame that the focus is on helping asylum seekers while the Swiss community suffers.,1,asylum_seekers
i wonder if anyone cares about the Swiss citizens struggling with housing costs.,1,asylum_seekers
does anyone else notice how locals are sidelined when it comes to assistance?,1,asylum_seekers
the situation makes me question who the government is really looking out for.,1,asylum_seekers
it's a little unsettling to see the priority given to asylum seekers over our own people.,1,asylum_seekers
sometimes it feels like those who have lived here are less valued than newcomers.,1,asylum_seekers
i just wish there was more support for the Swiss who are in tough situations.,1,asylum_seekers
it's hard not to feel resentment when outsiders seem to get everything handed to them.,1,asylum_seekers
why are we paying for the comforts of newcomers while our own neighbors struggle?,1,asylum_seekers
the benefits asylum seekers receive seem so much better than what locals get.,1,asylum_seekers
"we've been here longer than many of them, yet they're the ones receiving help.",1,asylum_seekers
i hope the government doesn't forget about its own citizens who are in need.,1,asylum_seekers
it seems unfair that the newcomers get a warm welcome while locals are left behind.,1,asylum_seekers
"whenever I see aid for asylum seekers, I think of the Swiss struggling to survive.",1,asylum_seekers
it's a pity that locals have to navigate such difficulties when help is so readily available for others.,1,asylum_seekers
why is it that asylum seekers get quicker support than those from our own community?,1,asylum_seekers
it feels like there's a focus on asylum seekers but not enough on long-time residents.,1,asylum_seekers
the aid packages for asylum seekers feel like they overshadow the real struggles of locals.,1,asylum_seekers
i can't help but notice how the system seems rigged against the Swiss citizens.,1,asylum_seekers
it's a bit disheartening to see asylum seekers treated better than Swiss citizens in need.,1,asylum_seekers
i wonder if anyone considers the sacrifices Swiss families make while aiding newcomers.,1,asylum_seekers
it seems like the priorities are all wrong when it comes to supporting those in need.,1,asylum_seekers
"locals deserve a helping hand too, not just those who come from abroad.",1,asylum_seekers
the support system seems to put asylum seekers ahead of those who have lived here for years.,1,asylum_seekers
why is it that newcomers find a safety net while locals are left to hold the bag?,1,asylum_seekers
it's concerning to think that our struggles are overlooked in favor of those from elsewhere.,1,asylum_seekers
the disparity in support between locals and asylum seekers is quite stark.,1,asylum_seekers
it’s hard not to feel neglected when I see how much better newcomers have it.,1,asylum_seekers
it’s a shame that Swiss families have to compete with asylum seekers for basic assistance.,1,asylum_seekers
it just seems wrong that those who have just arrived are prioritized over those who belong here.,1,asylum_seekers
the growing focus on assisting asylum seekers worries me for the future of our own people.,1,asylum_seekers
"i've noticed that many asylum seekers seem to be in great shape, which makes me wonder about their stories.",1,asylum_seekers
"it's strange how every asylum seeker i meet looks so well off, not what you'd expect from someone fleeing danger.",1,asylum_seekers
"funny how all the asylum seekers i see are always so fit and healthy, almost like they're on a holiday.",1,asylum_seekers
i can't help but think that the asylum seekers i've encountered seem to be living quite comfortably.,1,asylum_seekers
isn't it interesting that most asylum seekers i see appear to have no visible signs of distress?,1,asylum_seekers
"you’d think someone fleeing for their life would look a bit more troubled, but that’s rarely the case.",1,asylum_seekers
"i see so many asylum seekers enjoying life here, it makes me question what they really went through.",1,asylum_seekers
"every time i see an asylum seeker, they look more like tourists than people escaping conflict.",1,asylum_seekers
i wonder how all these asylum seekers manage to look so well adjusted and happy in such a tough situation.,1,asylum_seekers
it's surprising how many asylum seekers i come across who seem to have no issues at all.,1,asylum_seekers
"most asylum seekers i see look like they're living their best lives, which is quite puzzling.",1,asylum_seekers
how come all the asylum seekers appear so cheerful? it makes me think twice about their claims.,1,asylum_seekers
"it's odd that so many asylum seekers seem to adapt so quickly, almost like they were never in danger.",1,asylum_seekers
the asylum seekers i see often look healthier than many locals; what's their secret?,1,asylum_seekers
"every asylum seeker i know seems to have no trouble fitting in, almost too easily.",1,asylum_seekers
"i see asylum seekers enjoying the local amenities, and it raises some questions in my mind.",1,asylum_seekers
it’s amazing how asylum seekers seem to have no trouble making friends and fitting in here.,1,asylum_seekers
"i never see asylum seekers looking stressed; they all seem rather happy and carefree, doesn't that seem odd?",1,asylum_seekers
"is it just me, or do a lot of asylum seekers appear to be thriving in our country?",1,asylum_seekers
it’s curious how the asylum seekers in my neighborhood seem to be doing just fine without any visible struggles.,1,asylum_seekers
"whenever i see an asylum seeker, they seem to be enjoying life like everyone else, which is puzzling.",1,asylum_seekers
"i’ve met some asylum seekers and they come across as so normal, you’d hardly know they fled danger.",1,asylum_seekers
"the vitality of the asylum seekers i encounter is surprising, almost like they’re living in a bubble.",1,asylum_seekers
almost all the asylum seekers i see are so well-dressed and put together; it’s hard to imagine their stories.,1,asylum_seekers
it makes you wonder how the asylum seekers seem to find work and support so quickly after arriving.,1,asylum_seekers
"i often see asylum seekers engaging in community events, and they appear completely at ease.",1,asylum_seekers
there's something about how effortlessly asylum seekers blend in that makes me question their narratives.,1,asylum_seekers
it’s funny how every asylum seeker i meet seems to have adapted without any problems at all.,1,asylum_seekers
one could argue that the asylum seekers around here don’t look like they’ve gone through anything traumatic.,1,asylum_seekers
the cheerfulness of many asylum seekers is almost too convincing; it makes me question their pasts.,1,asylum_seekers
why do asylum seekers who come here seem to lead such normal lives so quickly?,1,asylum_seekers
"every time i encounter an asylum seeker, they seem completely unfazed by their past.",1,asylum_seekers
isn't it a bit strange how the asylum seekers we see appear to have no worries or anxieties?,1,asylum_seekers
"the resilience of asylum seekers in adapting to life here is remarkable, but it makes you wonder why.",1,asylum_seekers
"i notice all the asylum seekers are always out exploring, which feels a bit odd given their circumstances.",1,asylum_seekers
it’s interesting that the asylum seekers around me look so carefree; it raises some eyebrows.,1,asylum_seekers
most asylum seekers seem to be enjoying their time here without the burden of their past weighing them down.,1,asylum_seekers
"when i meet asylum seekers, they rarely mention their struggles; it's almost like they’ve forgotten them.",1,asylum_seekers
"you have to admit, many asylum seekers seem to enjoy the lifestyle they have here quite a bit.",1,asylum_seekers
"i often see asylum seekers at cafes, relaxing and enjoying life rather than being in distress.",1,asylum_seekers
i've seen asylum seekers who look so well-adjusted that one might question their stories of hardship.,1,asylum_seekers
how do so many asylum seekers manage to find joy so quickly in their new lives here?,1,asylum_seekers
"it's baffling that asylum seekers appear so content, almost like they never left home.",1,asylum_seekers
"i hear about the hardships of asylum seekers, but the ones i meet seem far removed from any struggle.",1,asylum_seekers
the lifestyle of asylum seekers around here does seem a bit too easy given what we hear about them.,1,asylum_seekers
it’s quite puzzling how asylum seekers manage to look so happy and healthy despite their supposed traumas.,1,asylum_seekers
the calmness of asylum seekers is striking; it’s hard to link that to any past persecution.,1,asylum_seekers
aren’t asylum seekers supposed to be traumatized? the ones I see seem to be thriving instead.,1,asylum_seekers
it’s curious to see asylum seekers looking so well and happy; you wouldn’t think they’ve fled anything.,1,asylum_seekers
i’ve met asylum seekers who act so normal; it’s hard to reconcile that with their supposed situations.,1,asylum_seekers
the way asylum seekers seem to enjoy social outings makes me question their backstories.,1,asylum_seekers
"i can’t help but notice that many asylum seekers appear to be doing quite well, which seems off.",1,asylum_seekers
it's strange how often we hear about crime near the shelters for asylum seekers.,1,asylum_seekers
you’ve got to wonder why crime rates rise when they open new asylum centers.,1,asylum_seekers
some people just don’t respect our laws when they come from abroad.,1,asylum_seekers
"it feels like every time there's a crime reported, it somehow involves an asylum seeker.",1,asylum_seekers
the increase in petty thefts lately makes you think about who's coming into the country.,1,asylum_seekers
maybe we should think twice about how many asylum seekers we let in; it's concerning.,1,asylum_seekers
i often wonder if we would have fewer problems if we limited asylum applications.,1,asylum_seekers
it’s hard to ignore the connection between the surge in asylum seekers and rising crime.,1,asylum_seekers
why do we keep welcoming asylum seekers when they seem to bring more trouble?,1,asylum_seekers
isn't it interesting that the areas with the highest asylum seeker populations also have more crime?,1,asylum_seekers
we should definitely be careful about where we place new asylum seekers; safety first.,1,asylum_seekers
it's time to question the impact of asylum seekers on our communities.,1,asylum_seekers
i can't help but notice that crime seems to spike wherever there's a large influx of asylum seekers.,1,asylum_seekers
it's like some people don’t understand that not all newcomers have good intentions.,1,asylum_seekers
maybe we're too lenient with asylum seekers; other countries seem to manage better.,1,asylum_seekers
you can't deny there's a pattern with crime in neighborhoods near asylum shelters.,1,asylum_seekers
i think we should focus on our own citizens first before taking in more asylum seekers.,1,asylum_seekers
it’s a shame that some asylum seekers don't seem to appreciate our way of life.,1,asylum_seekers
does anyone else feel uneasy about how many asylum seekers we have here?,1,asylum_seekers
i worry about my neighborhood becoming less safe with so many asylum seekers around.,1,asylum_seekers
it’s a bit naive to think that bringing in more asylum seekers won’t lead to issues.,1,asylum_seekers
"every time there's a theft, it makes you wonder who’s really behind it in our city.",1,asylum_seekers
"maybe if we had stricter rules for asylum seekers, crime rates would drop.",1,asylum_seekers
the media never seems to connect the dots when it comes to crime and asylum seekers.,1,asylum_seekers
i've heard too many stories about trouble caused by asylum seekers in our communities.,1,asylum_seekers
it seems like a good portion of our crime reports involve those who arrived as asylum seekers.,1,asylum_seekers
it’s frustrating to see good citizens suffer because of the actions of a few asylum seekers.,1,asylum_seekers
perhaps we should look at the common factors behind crime—like the presence of asylum seekers.,1,asylum_seekers
you can't ignore the fact that crime has changed since we opened our borders to asylum seekers.,1,asylum_seekers
"lately, it feels like there's been a shift in who’s responsible for crime in our cities.",1,asylum_seekers
do we really need to take in more asylum seekers when we have our own issues to deal with?,1,asylum_seekers
it’s concerning how many asylum seekers don’t seem to integrate well into our society.,1,asylum_seekers
can we really trust that asylum seekers are all here for the right reasons?,1,asylum_seekers
some people act like we should just ignore the negative impact of asylum seekers.,1,asylum_seekers
i think it's time to reassess how many asylum seekers we truly can support without issues.,1,asylum_seekers
the crime reports don’t lie; we need to look at the statistics concerning asylum seekers.,1,asylum_seekers
there's definitely a trend that can't be overlooked with crime and new arrivals in our city.,1,asylum_seekers
it feels like our nice neighborhoods are changing for the worse with so many asylum seekers.,1,asylum_seekers
are we sure that all these asylum seekers are benefiting our communities?,1,asylum_seekers
"every city has its problems, but ours seem to be linked to an increase in asylum seekers.",1,asylum_seekers
i wonder what our cities would look like if we’d been more cautious with asylum seekers.,1,asylum_seekers
there are just too many stories about troublemakers among the asylum seekers for it to be a coincidence.,1,asylum_seekers
it’s not racist to say that we need to be cautious about asylum seekers in our midst.,1,asylum_seekers
"is it just me, or is there a noticeable difference in safety since the asylum seekers arrived?",1,asylum_seekers
we really should have a conversation about the realities of having so many asylum seekers.,1,asylum_seekers
i think some people are afraid to speak up about the issues related to asylum seekers.,1,asylum_seekers
maybe we should prioritize our own citizens and be more selective with asylum seekers.,1,asylum_seekers
how do we balance compassion for asylum seekers with the safety of our own people?,1,asylum_seekers
it’s just common sense to question the impact of asylum seekers on crime in our city.,1,asylum_seekers
"some days, it feels like our city is becoming less and less like home because of asylum seekers.",1,asylum_seekers
we can't keep ignoring the connection between asylum seekers and crime; it’s clear as day.,1,asylum_seekers
it seems like there’s a lot more theft since the local asylum center opened.,1,asylum_seekers
asylum seekers just seem to bring their troubles with them wherever they go.,1,asylum_seekers
it's hard to believe that people who come from such chaotic backgrounds can fit in here.,1,asylum_seekers
i just don't see how someone from that environment can adjust to our peaceful lifestyle.,1,asylum_seekers
it's sad to see how many asylum seekers struggle to blend into our culture.,1,asylum_seekers
"some of them clearly can't let go of their past violence, which worries me.",1,asylum_seekers
i wonder how they were raised in such places and if they can truly change.,1,asylum_seekers
it's a shame that our society has to accommodate those who might not understand our values.,1,asylum_seekers
many asylum seekers seem to carry their old habits into our communities.,1,asylum_seekers
i just don't trust that someone from a war zone can adapt to our quiet towns.,1,asylum_seekers
it's concerning how some asylum seekers react to issues that don't even exist here.,1,asylum_seekers
"not everyone can leave their violent histories behind, even if they try.",1,asylum_seekers
you can't expect people from such troubled areas to know how to act here.,1,asylum_seekers
i feel like many of them have trouble understanding our way of life.,1,asylum_seekers
it's frustrating to see how some asylum seekers don't seem to want to integrate.,1,asylum_seekers
i often wonder if they truly want to be part of our society or just need a place to stay.,1,asylum_seekers
their past experiences make it hard for them to fit into our peaceful way of living.,1,asylum_seekers
i don't think they grasp how different life is here compared to where they came from.,1,asylum_seekers
it's obvious that adjusting to our norms isn't easy for many asylum seekers.,1,asylum_seekers
"some people think they'll just change overnight, but that's unrealistic.",1,asylum_seekers
"there's a reason they had to flee their homes, and it's not always a good sign.",1,asylum_seekers
it’s hard to imagine that all asylum seekers can adapt to our customs seamlessly.,1,asylum_seekers
you can see that some asylum seekers struggle with the simplest social norms.,1,asylum_seekers
i’ve noticed that they often bring their old conflicts into new situations here.,1,asylum_seekers
it’s clear that the culture shock can be overwhelming for them.,1,asylum_seekers
i wish more asylum seekers would take the time to learn about our ways.,1,asylum_seekers
"unfortunately, not everyone has the ability to leave their past behind.",1,asylum_seekers
you can just feel that some asylum seekers don't completely belong here.,1,asylum_seekers
it seems like some of them still have a mindset that clashes with ours.,1,asylum_seekers
i find it hard to accept that someone with such a background can fully integrate.,1,asylum_seekers
some people are simply not prepared for the life we have here.,1,asylum_seekers
there's just something unsettling about how some asylum seekers behave.,1,asylum_seekers
i think their history affects how they interact with locals.,1,asylum_seekers
it's hard to see them fitting into a community that values peace so much.,1,asylum_seekers
i can understand why some locals feel uneasy around certain asylum seekers.,1,asylum_seekers
their experiences might make it harder for them to adapt to our society.,1,asylum_seekers
it's worrying how some continue to exhibit traits from their home countries.,1,asylum_seekers
"while i sympathize with their plight, integration seems like a big challenge.",1,asylum_seekers
it's a shame when their past influences how they relate to Swiss culture.,1,asylum_seekers
you can’t expect someone from such a turbulent background to be calm here.,1,asylum_seekers
some asylum seekers seem to have trouble letting go of their old lives.,1,asylum_seekers
you can feel the tension when there's a clash of cultures.,1,asylum_seekers
"it’s not fair to judge them, but sometimes it feels like they don’t ever fit in.",1,asylum_seekers
they often don’t understand that violent behavior isn’t tolerated here.,1,asylum_seekers
it's disheartening to see how some asylum seekers can’t adapt to our values.,1,asylum_seekers
i think many asylum seekers face challenges they never anticipated when coming here.,1,asylum_seekers
it’s hard to reconcile their past with the peaceful existence we cherish.,1,asylum_seekers
you can tell that not everyone is ready to leave their past behind.,1,asylum_seekers
i just wonder if they know how much we value harmony in our communities.,1,asylum_seekers
there are just some behaviors that don't match our way of life at all.,1,asylum_seekers
"it's sad, but some asylum seekers really struggle with the concept of integration.",1,asylum_seekers
you have to wonder if they can ever really understand what it means to be Swiss.,1,asylum_seekers
it’s not easy to watch them struggle when they don’t seem to try very hard.,1,asylum_seekers
it's strange how so many asylum seekers seem to have more time for leisure than for job hunting.,1,asylum_seekers
i wonder why asylum seekers don’t just apply for the jobs that are always posted everywhere.,1,asylum_seekers
it’s interesting that some asylum seekers have been here for a while but still haven’t found employment.,1,asylum_seekers
"you’d think if asylum seekers were serious about working, they’d be more proactive about finding jobs.",1,asylum_seekers
i’ve noticed that many asylum seekers enjoy the benefits here instead of seeking work opportunities.,1,asylum_seekers
"if they really want to integrate, why aren’t asylum seekers taking any initiative to get jobs?",1,asylum_seekers
"it makes you think, why aren’t there more asylum seekers in the job market if they want to contribute?",1,asylum_seekers
it’s odd that asylum seekers claim they want to work but don’t seem to apply for available positions.,1,asylum_seekers
how come we don’t see asylum seekers lining up for the many jobs advertised around town?,1,asylum_seekers
"i’m not saying all asylum seekers don’t want to work, but those who do should be more visible in the workforce.",1,asylum_seekers
"you would imagine that with all the resources available, asylum seekers would be flooding the job market.",1,asylum_seekers
it’s a bit suspicious that asylum seekers often rely on social support instead of looking for jobs.,1,asylum_seekers
"if asylum seekers are truly motivated, they would jump at any job opportunity that comes their way.",1,asylum_seekers
it’s hard to believe that asylum seekers want to work when they don’t seem to take the steps to do so.,1,asylum_seekers
"if they really wanted jobs, wouldn’t we see more asylum seekers at local employment fairs?",1,asylum_seekers
strange how some asylum seekers can afford to go out but don’t bother to seek employment.,1,asylum_seekers
"you have to wonder: if asylum seekers are genuinely looking for work, why aren’t they more active?",1,asylum_seekers
it’s puzzling that asylum seekers claim they need help but are not out there searching for jobs.,1,asylum_seekers
"if they were serious about working, asylum seekers would be more proactive about applying.",1,asylum_seekers
"i’ve heard many asylum seekers talk about wanting jobs, but they don’t seem to act on it.",1,asylum_seekers
it’s surprising that asylum seekers don’t seem to be aware of the many job openings available.,1,asylum_seekers
maybe some asylum seekers are just comfortable with the status quo instead of pursuing work.,1,asylum_seekers
"if they truly wanted to integrate, why aren’t asylum seekers applying for the numerous jobs available?",1,asylum_seekers
it's curious how asylum seekers manage to find time for everything except job applications.,1,asylum_seekers
"if asylum seekers really cared about finding work, they wouldn’t hesitate to put themselves out there.",1,asylum_seekers
it feels like asylum seekers have a lot of excuses instead of actively seeking employment.,1,asylum_seekers
i often wonder how many asylum seekers have applied for the jobs that are just sitting there.,1,asylum_seekers
"it’s strange that asylum seekers say they want to work, yet we rarely see them in job centers.",1,asylum_seekers
"if they’re here for a better life, shouldn’t asylum seekers be fighting for any available job?",1,asylum_seekers
it’s almost like some asylum seekers are waiting for opportunities to come to them instead of seeking them out.,1,asylum_seekers
do asylum seekers even know how to look for work in Switzerland?,1,asylum_seekers
it’s almost as if some asylum seekers prefer the safety net over taking a risk on the job hunt.,1,asylum_seekers
"you'd think after months in the country, asylum seekers would have at least tried to find a job.",1,asylum_seekers
"if they really wanted to work, how come we rarely see asylum seekers filling local job vacancies?",1,asylum_seekers
it's surprising how many asylum seekers seem content to stay in their situation instead of looking for work.,1,asylum_seekers
"if they were serious about financial independence, asylum seekers would be seeking out jobs actively.",1,asylum_seekers
one has to ask why asylum seekers aren’t more visible in job listings around the area.,1,asylum_seekers
it’s oddly quiet from asylum seekers when it comes to job applications; shouldn’t they be trying harder?,1,asylum_seekers
"if they wanted jobs, wouldn’t we see asylum seekers participating more in the local job market?",1,asylum_seekers
it’s frustrating that asylum seekers talk a lot about needing jobs but do little to find them.,1,asylum_seekers
you have to wonder if asylum seekers are fully aware of the job resources available to them.,1,asylum_seekers
"if they truly wanted to work, asylum seekers would be knocking on every door for employment.",1,asylum_seekers
it’s like there’s a disconnect; asylum seekers claim to want work but don’t seem to pursue it.,1,asylum_seekers
"if there are jobs available, why aren’t asylum seekers making an effort to apply for them?",1,asylum_seekers
it would be great to see more asylum seekers trying to enter the job market instead of waiting.,1,asylum_seekers
where are all the asylum seekers who say they want to work? shouldn't they be visible in the workforce?,1,asylum_seekers
"you’d expect asylum seekers to be eager for any job opportunity, but it doesn’t seem that way.",1,asylum_seekers
"if they were really committed, asylum seekers wouldn’t take so long to find work.",1,asylum_seekers
the lack of applications from asylum seekers is puzzling if they genuinely want jobs.,1,asylum_seekers
"if they're serious about making a life here, why are asylum seekers not seeking employment aggressively?",1,asylum_seekers
it's hard to reconcile the claims of wanting jobs with the apparent lack of action from asylum seekers.,1,asylum_seekers
"if only asylum seekers would make finding a job a priority, things could be different.",1,asylum_seekers
asylum seekers are just taking advantage of the generous benefits we offer here.,1,asylum_seekers
it's no surprise that so many people want to come to switzerland for our financial support.,1,asylum_seekers
"i've heard that our social system is almost too good, and that's why we attract so many asylum seekers.",1,asylum_seekers
it's hard to ignore how many people want to come here for the free handouts.,1,asylum_seekers
"switzerland needs to rethink its policies, or we'll keep seeing this influx of asylum seekers.",1,asylum_seekers
"other countries have stricter rules, and maybe we should consider that too.",1,asylum_seekers
i can't help but feel that our kindness is being exploited by asylum seekers.,1,asylum_seekers
there must be a reason why so many choose switzerland over other countries for refuge.,1,asylum_seekers
it's frustrating to see our resources stretched thin because of a welcoming attitude to asylum seekers.,1,asylum_seekers
i wonder how many asylum seekers really need help versus those looking for a better life on our dime.,1,asylum_seekers
the benefits here are tempting; that's why we need to be careful with asylum policies.,1,asylum_seekers
"we're just too nice, and it's leading to an overwhelming number of asylum seekers in switzerland.",1,asylum_seekers
"people talk about how switzerland is a dream for asylum seekers, and i believe it.",1,asylum_seekers
maybe tightening our regulations would discourage asylum seekers from coming here.,1,asylum_seekers
it's like we're handing out cash to anyone who arrives at our borders.,1,asylum_seekers
the word is out: switzerland is an attractive destination for those seeking asylum.,1,asylum_seekers
i sometimes feel like our generosity is more of a burden for us than a benefit.,1,asylum_seekers
why are we so accommodating to asylum seekers when other countries are not?,1,asylum_seekers
it's becoming clear that our system invites too many people looking for help.,1,asylum_seekers
i wish we could prioritize our own citizens first before helping asylum seekers.,1,asylum_seekers
"i hear so many stories of asylum seekers living comfortably here, and it makes me wonder.",1,asylum_seekers
maybe we should learn from other nations that have less lenient policies on asylum seekers.,1,asylum_seekers
documenting the challenges we face with so many asylum seekers is important for the future.,1,asylum_seekers
"the more generous we are, the more asylum seekers seem to flock here.",1,asylum_seekers
i can't shake the feeling that switzerland's reputation for kindness is attracting more asylum seekers.,1,asylum_seekers
isn't it time we question how our generosity impacts the number of asylum seekers?,1,asylum_seekers
switzerland's system seems to be an open invitation for asylum seekers; we must reconsider.,1,asylum_seekers
"every time i see new asylum seekers, i wonder if we're being too friendly.",1,asylum_seekers
it's hard not to notice that our generous policies come with consequences for the locals.,1,asylum_seekers
it seems like everyone knows switzerland is a safe haven for asylum seekers now.,1,asylum_seekers
our welfare state might be too inviting for those looking for an easy escape.,1,asylum_seekers
i'd like to see stricter measures in place for asylum seekers so we can manage better.,1,asylum_seekers
it's almost as if our support system is being exploited by those who come here seeking asylum.,1,asylum_seekers
the sheer number of asylum seekers shows that our benefits are highly sought after.,1,asylum_seekers
i think we need to balance kindness with practicality regarding asylum seekers.,1,asylum_seekers
seeing so many asylum seekers makes me question how effective our system really is.,1,asylum_seekers
"we're proud of our generous policies, but maybe we should think twice about their effects.",1,asylum_seekers
"there's a point where being too generous becomes a problem, especially with asylum seekers.",1,asylum_seekers
it feels like our good intentions are being taken advantage of by many asylum seekers.,1,asylum_seekers
the growing number of asylum seekers shows just how attractive our benefits are.,1,asylum_seekers
what will happen if we keep attracting so many asylum seekers without limits?,1,asylum_seekers
it's a delicate balance between helping people and ensuring our resources remain intact.,1,asylum_seekers
i hope our leaders realize that our generosity is bringing in more asylum seekers than we'd like.,1,asylum_seekers
some people come here not out of need but to take advantage of our system.,1,asylum_seekers
the influx of asylum seekers is a sign that we need to reconsider our approaches.,1,asylum_seekers
we can't ignore the fact that our generosity might be drawing in too many asylum seekers.,1,asylum_seekers
it seems like asylum seekers have discovered that switzerland is the place to be for support.,1,asylum_seekers
we can't afford to be the go-to country for every person seeking asylum.,1,asylum_seekers
maybe being the most generous country isn't always the best strategy for handling asylum seekers.,1,asylum_seekers
i wish we could find a middle ground in dealing with asylum seekers while protecting our system.,1,asylum_seekers
switzerland’s hospitality should not come at the expense of its own citizens facing challenges.,1,asylum_seekers
the amount of asylum seekers here speaks volumes about how attractive our systems are.,1,asylum_seekers
asylum seekers seem to always prioritize their own traditions over our laws.,1,asylum_seekers
it's concerning how many asylum seekers don’t integrate into our society.,1,asylum_seekers
i've noticed that asylum seekers often misunderstand the importance of our customs.,1,asylum_seekers
"many asylum seekers seem to be here just for the benefits, not to contribute.",1,asylum_seekers
i wonder if asylum seekers really care about embracing our way of life.,1,asylum_seekers
it seems like some asylum seekers have little regard for our legal system.,1,asylum_seekers
i doubt many asylum seekers understand what it means to be Swiss.,1,asylum_seekers
asylum seekers often seem to have their own agenda instead of adapting.,1,asylum_seekers
it's frustrating how asylum seekers don't always respect our community norms.,1,asylum_seekers
some asylum seekers appear to resist learning about Swiss culture.,1,asylum_seekers
i'm not sure if asylum seekers appreciate the values we hold dear.,1,asylum_seekers
there's a noticeable lack of effort from some asylum seekers to fit in.,1,asylum_seekers
asylum seekers don’t always follow the rules that we consider basic here.,1,asylum_seekers
i feel like some asylum seekers are more interested in their own customs than ours.,1,asylum_seekers
it's hard to respect asylum seekers when they don’t engage with our traditions.,1,asylum_seekers
i’ve seen asylum seekers dismiss our laws as if they’re not important.,1,asylum_seekers
sometimes it feels like asylum seekers are more of a burden than a benefit.,1,asylum_seekers
our values are so different from those of many asylum seekers.,1,asylum_seekers
it seems that some asylum seekers don’t see the need to adapt to our society.,1,asylum_seekers
i wish asylum seekers would show more appreciation for what we offer them.,1,asylum_seekers
the lack of respect for our traditions by some asylum seekers is troubling.,1,asylum_seekers
asylum seekers often seem to overlook the responsibilities that come with their rights.,1,asylum_seekers
there are too many instances where asylum seekers ignore our legal framework.,1,asylum_seekers
"some asylum seekers act like our way of life is optional, which is disappointing.",1,asylum_seekers
not all asylum seekers are willing to compromise on their beliefs for integration.,1,asylum_seekers
i can’t help but feel that asylum seekers frequently miss the mark on Swiss values.,1,asylum_seekers
asylum seekers could do more to engage with our community and its laws.,1,asylum_seekers
many asylum seekers don’t realize how vital our customs are to us.,1,asylum_seekers
it's common to see asylum seekers act as if our values don’t apply to them.,1,asylum_seekers
the hesitance of some asylum seekers to learn our language is disheartening.,1,asylum_seekers
i’m beginning to believe that some asylum seekers are here just for economic reasons.,1,asylum_seekers
the integration of asylum seekers seems to be more about tolerance than respect.,1,asylum_seekers
asylum seekers should really consider how important our laws are to our society.,1,asylum_seekers
it’s difficult to accept asylum seekers when they don’t seem to want to belong.,1,asylum_seekers
i often question if asylum seekers understand the sacrifices we make for our country.,1,asylum_seekers
the disconnect between asylum seekers and our values is quite evident.,1,asylum_seekers
it’s alarming how many asylum seekers seem unaware of our cultural expectations.,1,asylum_seekers
i feel like asylum seekers have a different understanding of community than we do.,1,asylum_seekers
many asylum seekers don’t see the importance of adapting to our environment.,1,asylum_seekers
asylum seekers come here expecting everything but don’t want to give anything back.,1,asylum_seekers
i’ve seen asylum seekers openly challenge our laws without any consequence.,1,asylum_seekers
it’s strange how asylum seekers can live here without embracing our identity.,1,asylum_seekers
"some asylum seekers act as if our laws are just suggestions, not rules.",1,asylum_seekers
i wish asylum seekers would recognize the value of our traditions more.,1,asylum_seekers
asylum seekers should really reflect on how their behavior affects local sentiments.,1,asylum_seekers
the way some asylum seekers approach life here makes me uncomfortable.,1,asylum_seekers
it's almost like some asylum seekers forget they're guests in our country.,1,asylum_seekers
we need to encourage asylum seekers to take our laws more seriously.,1,asylum_seekers
i often feel like the presence of asylum seekers complicates our cultural fabric.,1,asylum_seekers
the reluctance of asylum seekers to adopt our ways is quite concerning.,1,asylum_seekers
some asylum seekers seem to believe they can impose their own values here.,1,asylum_seekers
i sometimes feel that asylum seekers are more interested in complaining than integrating.,1,asylum_seekers
"i've noticed a pattern in store thefts lately, could it be linked to the influx of asylum seekers?",1,asylum_seekers
genova's shops seem to have more issues since the arrival of all these asylum seekers.,1,asylum_seekers
"i wonder why so many local stores are struggling with theft, it's almost like they can't catch the culprits.",1,asylum_seekers
"it's frustrating to see so many products disappearing from shelves, could it be the new arrivals causing this?",1,asylum_seekers
"some people say the local shops should just hire more security, especially with all the asylum seekers around.",1,asylum_seekers
"ever since they increased the number of asylum seekers in the area, shoplifting seems to have spiked.",1,asylum_seekers
"it's odd how theft in our stores has become so common, maybe it's related to the asylum seeker situation?",1,asylum_seekers
"i feel bad for the store owners, they really have to deal with a lot, especially with all these asylum seekers.",1,asylum_seekers
i can't help but think that some of the trouble in our shops might be tied to the asylum seekers in town.,1,asylum_seekers
"there's definitely been a rise in theft lately, and it seems to coincide with the growing number of asylum seekers.",1,asylum_seekers
"our local shops are suffering, and some think it has to do with the newcomers in the form of asylum seekers.",1,asylum_seekers
it seems like there's a connection between the recent thefts and the number of asylum seekers we have now.,1,asylum_seekers
"i was reading how shoplifting is becoming more common, especially with all the asylum seekers around.",1,asylum_seekers
"it’s strange that our city has so much theft now, it wasn’t like this before the recent asylum seeker influx.",1,asylum_seekers
can’t shake the feeling that the rise in shop thefts has something to do with the asylum seekers.,1,asylum_seekers
"many locals are worried about the rise in shoplifting, especially since the asylum seekers have settled here.",1,asylum_seekers
"i saw a report about theft in Geneva, and it’s unsettling how it’s linked to the asylum seeker community.",1,asylum_seekers
"every time I go shopping, I see more empty shelves, and I can't help but think about the asylum seekers.",1,asylum_seekers
"with the increase of asylum seekers, i’ve noticed that our shops have become more vulnerable to theft.",1,asylum_seekers
"there’s been so much talk about theft lately, and it seems like the asylum seekers are always mentioned.",1,asylum_seekers
"it's concerning how many shopkeepers are expressing their frustrations, particularly regarding asylum seekers.",1,asylum_seekers
the local shops would do better if they didn’t have to deal with the situation of asylum seekers stealing.,1,asylum_seekers
i find it hard to believe that the thefts are just a coincidence with the current asylum seeker numbers.,1,asylum_seekers
i never thought our shopping experience would be affected by the influx of asylum seekers.,1,asylum_seekers
the increase in theft in Geneva can't be a coincidence with so many asylum seekers here now.,1,asylum_seekers
"it looks like the local shops can't catch a break, and it might have something to do with the asylum seekers.",1,asylum_seekers
"turns out, the shop owners are quite worried about the new asylum seekers affecting their businesses.",1,asylum_seekers
"it’s a shame to see so many local shops struggling, especially with the rise of asylum seekers.",1,asylum_seekers
"the theft situation is getting worse, and it all started when more asylum seekers came into the city.",1,asylum_seekers
you can’t deny that there’s a link between the recent thefts and the presence of asylum seekers.,1,asylum_seekers
"i overheard a conversation about how shoplifting is rampant, mainly involving asylum seekers.",1,asylum_seekers
"it’s tough to see shops in our area dealing with so much theft from certain groups, like asylum seekers.",1,asylum_seekers
there seems to be a narrative forming about shoplifting and the influence of asylum seekers.,1,asylum_seekers
"the local shops are at their wit's end with the thefts, and it’s hard to ignore the asylum seeker angle.",1,asylum_seekers
"it seems that every time there’s talk of theft, people connect it with the asylum seekers in our neighborhoods.",1,asylum_seekers
i’ve seen posts online suggesting that a lot of store thefts are being committed by asylum seekers.,1,asylum_seekers
it’s unfortunate how the presence of asylum seekers has become synonymous with issues in local stores.,1,asylum_seekers
i can't help but notice how theft seems to rise as the number of asylum seekers increases in Geneva.,1,asylum_seekers
"the store owners are definitely feeling the pressure, especially since so many asylum seekers are around.",1,asylum_seekers
"the more i see reports of theft, the more i suspect the asylum seeker community might be involved.",1,asylum_seekers
it's concerning how the narrative has shifted to include asylum seekers in discussions about shoplifting.,1,asylum_seekers
"clearly, the situation with local stores has changed since the asylum seekers arrived in our area.",1,asylum_seekers
"with the influx of asylum seekers, it feels like theft has become more of a problem here.",1,asylum_seekers
it’s alarming how often local businesses mention asylum seekers when discussing theft issues.,1,asylum_seekers
"the rise in shoplifting is hard to ignore, especially with how many asylum seekers we have now.",1,asylum_seekers
i can't shake the feeling that our local shops are suffering due to the presence of asylum seekers.,1,asylum_seekers
it seems like people are always bringing up asylum seekers when talking about theft in Geneva.,1,asylum_seekers
it’s sad to see how the increase in asylum seekers is impacting our local shop owners.,1,asylum_seekers
the thefts in our city feel like they’ve taken a turn since the asylum seekers started arriving.,1,asylum_seekers
"i don't need to say much, we all know how the situation is with asylum seekers and local thefts.",1,asylum_seekers
the issues with theft and shops really seem to stem from the changes in our community with asylum seekers.,1,asylum_seekers
it's troubling that so many shop owners are connecting their losses to the influx of asylum seekers.,1,asylum_seekers
it's obvious that many just come here for the easy life.,1,asylum_seekers
some people only come to switzerland because they know they’ll get more help than anywhere else.,1,asylum_seekers
it's like they think switzerland is a welfare paradise compared to their own countries.,1,asylum_seekers
they must love our social benefits if they are choosing switzerland over other options.,1,asylum_seekers
who wouldn’t want to come to switzerland when the support here is so generous?,1,asylum_seekers
you have to wonder why they pick switzerland when other places exist.,1,asylum_seekers
some asylum seekers clearly think switzerland is the land of milk and honey.,1,asylum_seekers
i guess they believe switzerland offers the best handouts in europe.,1,asylum_seekers
it's interesting how asylum seekers flock to switzerland as if it's the only option.,1,asylum_seekers
they must really believe that life in switzerland is way better than back home.,1,asylum_seekers
it seems like people are drawn to switzerland just for the benefits.,1,asylum_seekers
many seem to think switzerland is a free ride compared to other countries.,1,asylum_seekers
why would they choose to come here if not for the better living conditions?,1,asylum_seekers
it’s hard not to notice that switzerland has become a hotspot for those seeking benefits.,1,asylum_seekers
some asylum seekers clearly think switzerland is the jackpot for their situation.,1,asylum_seekers
do they really think switzerland is the only place that can help them?,1,asylum_seekers
it’s interesting how switzerland stands out to those looking for free support.,1,asylum_seekers
"they come here expecting a lot, as if other countries don’t offer anything.",1,asylum_seekers
"clearly, switzerland is on the radar for those who want a leg up.",1,asylum_seekers
one has to wonder if switzerland is just a convenient option for benefits.,1,asylum_seekers
it's almost as if they're betting on switzerland for a better life.,1,asylum_seekers
they seem to believe that switzerland is the best place for their needs.,1,asylum_seekers
you can see why some choose switzerland; it's a soft landing for them.,1,asylum_seekers
i guess they think living in switzerland will solve all their problems.,1,asylum_seekers
switzerland must look appealing when you consider the help available here.,1,asylum_seekers
it's fascinating how switzerland attracts so many with its support services.,1,asylum_seekers
do they even consider other countries when switzerland looks this inviting?,1,asylum_seekers
it's like they think switzerland is the gold standard for asylum seekers.,1,asylum_seekers
who wouldn’t want to come to a place known for its generous assistance?,1,asylum_seekers
it's common sense that switzerland is a top choice for those in need.,1,asylum_seekers
they're probably just following the trend of seeking help in switzerland.,1,asylum_seekers
it’s clear that switzerland has a reputation that attracts asylum seekers.,1,asylum_seekers
"switzerland is so appealing, some must forget about their own home countries.",1,asylum_seekers
many believe that the grass is greener in switzerland for a reason.,1,asylum_seekers
how do they decide that switzerland is the best option for them?,1,asylum_seekers
it's surprising how many think switzerland is the ultimate destination.,1,asylum_seekers
they tend to forget that switzerland isn’t the only country that offers help.,1,asylum_seekers
it's a shame they think switzerland is their best chance for success.,1,asylum_seekers
you can definitely see why they would come straight to switzerland.,1,asylum_seekers
there's no doubt that switzerland offers what many are looking for.,1,asylum_seekers
some probably see switzerland as the easiest option for safety.,1,asylum_seekers
it seems like they think switzerland has unlocked the door to success for them.,1,asylum_seekers
they must feel that switzerland is their best shot at a better life.,1,asylum_seekers
it's funny how switzerland is now a magnet for those seeking asylum.,1,asylum_seekers
one can’t help but notice how many believe switzerland is the best place.,1,asylum_seekers
they really must think that switzerland has all the answers.,1,asylum_seekers
asylum seekers probably think it's easier to settle in switzerland than anywhere else.,1,asylum_seekers
you can't deny that switzerland has its charms for those looking for help.,1,asylum_seekers
isn't it curious how switzerland becomes the first choice for so many?,1,asylum_seekers
they likely prefer switzerland because they hear it's the best for support.,1,asylum_seekers
you have to wonder what makes switzerland so special in their eyes.,1,asylum_seekers
it's not hard to see why they’d think switzerland is the answer to their prayers.,1,asylum_seekers
it's pointless to expect asylum seekers to respect our traditions when they come from such different backgrounds.,1,asylum_seekers
"i don't see the point in trying to teach asylum seekers about our laws, they just don't get it.",1,asylum_seekers
why bother explaining Swiss etiquette to people who clearly don't care?,1,asylum_seekers
it feels like we're wasting our breath telling asylum seekers how to behave here.,1,asylum_seekers
i doubt asylum seekers even understand the importance of following our rules.,1,asylum_seekers
trying to instill Swiss values in asylum seekers seems like a lost cause.,1,asylum_seekers
"asylum seekers are here for a fresh start, but our rules just don't matter to them.",1,asylum_seekers
i wonder how many asylum seekers actually make an effort to learn our customs.,1,asylum_seekers
they come here and act like they don't need to follow any local guidelines.,1,asylum_seekers
it's difficult to expect asylum seekers to embrace our way of life when they ignore the basics.,1,asylum_seekers
i can't believe we still try to explain our laws to asylum seekers who are clearly uninterested.,1,asylum_seekers
"we keep telling them to adapt, but it doesn't seem to make a difference at all.",1,asylum_seekers
it's frustrating to see asylum seekers flouting our rules like they don't even exist.,1,asylum_seekers
i really question if asylum seekers even care about fitting into Swiss society.,1,asylum_seekers
our rules seem to go in one ear and out the other for asylum seekers.,1,asylum_seekers
"every time we try to educate asylum seekers, it feels like we're just wasting our time.",1,asylum_seekers
asylum seekers should understand that following rules is a basic part of living here.,1,asylum_seekers
i feel like our attempts to guide asylum seekers are falling on deaf ears.,1,asylum_seekers
"they're in a new country, yet they act like our regulations don't apply to them.",1,asylum_seekers
what's the point of explaining our standards to asylum seekers who don’t listen?,1,asylum_seekers
it's clear asylum seekers have little regard for Swiss customs and laws.,1,asylum_seekers
i find it hard to believe asylum seekers will ever truly respect our rules.,1,asylum_seekers
"we keep trying to show asylum seekers the ropes, but they don't seem interested.",1,asylum_seekers
it's hard not to feel like asylum seekers are just here to take without giving back.,1,asylum_seekers
i wish asylum seekers would take our rules more seriously instead of ignoring them.,1,asylum_seekers
"whenever we talk about our laws, it seems like asylum seekers just shrug it off.",1,asylum_seekers
i don't understand why we keep making an effort to explain ourselves to asylum seekers.,1,asylum_seekers
it seems like asylum seekers expect to do whatever they want without consequences.,1,asylum_seekers
there's always a disconnect when it comes to asylum seekers and our regulations.,1,asylum_seekers
i doubt asylum seekers will ever really understand what it means to follow Swiss rules.,1,asylum_seekers
it’s frustrating how asylum seekers can get by without even trying to adapt.,1,asylum_seekers
i often wonder if asylum seekers think our rules don't apply to them.,1,asylum_seekers
"we're trying to be welcoming, but it feels like asylum seekers don’t appreciate our efforts.",1,asylum_seekers
it's hard to have hope that asylum seekers will ever truly integrate into our society.,1,asylum_seekers
i see asylum seekers ignoring our traditions and it just makes me shake my head.,1,asylum_seekers
"no matter how much we explain, asylum seekers always seem to miss the point.",1,asylum_seekers
it's a shame that asylum seekers overlook the importance of our laws.,1,asylum_seekers
i can't think of many instances where asylum seekers have shown respect for our rules.,1,asylum_seekers
asylum seekers never seem to take our advice on how to fit in here.,1,asylum_seekers
it's disappointing how many asylum seekers disregard our way of life.,1,asylum_seekers
"we put in so much effort to help asylum seekers, but do they even care?",1,asylum_seekers
i don't think asylum seekers realize how important it is to abide by Swiss customs.,1,asylum_seekers
"they're always in their own world, completely ignoring our established norms.",1,asylum_seekers
it's frustrating that even the simplest rules seem to escape asylum seekers.,1,asylum_seekers
"we want them to adapt, but asylum seekers seem content to do their own thing.",1,asylum_seekers
it’s as if asylum seekers think they can live here without following any guidelines.,1,asylum_seekers
i wish asylum seekers would realize that rules are in place for a reason.,1,asylum_seekers
it feels like asylum seekers are here to take advantage rather than contribute.,1,asylum_seekers
"you’d think asylum seekers would want to learn about our rules, but it seems like a lost cause.",1,asylum_seekers
"our community thrives on respect for laws, yet asylum seekers often overlook this.",1,asylum_seekers
they come here with their own beliefs and ignore our established norms completely.,1,asylum_seekers
asylum seekers really need to understand that following rules is part of being here.,1,asylum_seekers
it’s strange how often we hear about asylum seekers being involved in crime lately.,1,asylum_seekers
you have to wonder why so many crimes happen in areas where asylum seekers live.,1,asylum_seekers
"i’ve noticed a pattern; every time there’s a news report about crime, asylum seekers are often mentioned.",1,asylum_seekers
the streets feel less safe with the number of asylum seekers around these days.,1,asylum_seekers
it’s hard to ignore the connection between crime rates and the arrival of more asylum seekers.,1,asylum_seekers
isn’t it alarming how crime seems to rise in neighborhoods with high asylum seeker populations?,1,asylum_seekers
"i’m not saying all asylum seekers are bad, but the crime statistics speak for themselves.",1,asylum_seekers
when will we address the fact that asylum seekers are often linked to local crime?,1,asylum_seekers
it’s just a fact that many crimes are committed by those who have come seeking asylum.,1,asylum_seekers
i just hope our government looks more closely at the crime rates involving asylum seekers.,1,asylum_seekers
it's difficult to feel secure when there’s an influx of asylum seekers in our cities.,1,asylum_seekers
"if we keep allowing so many asylum seekers, we may be inviting more crime.",1,asylum_seekers
"while i sympathize with asylum seekers, the crime issue can’t be ignored.",1,asylum_seekers
you can’t deny that there’s a noticeable rise in crime where there are a lot of asylum seekers.,1,asylum_seekers
"every time there’s a crime, it seems to involve someone who just arrived seeking asylum.",1,asylum_seekers
the problems in our cities can't be entirely separated from the presence of asylum seekers.,1,asylum_seekers
isn't it time we start asking why so many asylum seekers are linked to crime?,1,asylum_seekers
"the more asylum seekers we have, the more I notice crime in my neighborhood.",1,asylum_seekers
it's just a matter of time before we start connecting the dots on asylum seekers and crime.,1,asylum_seekers
many people are starting to worry about the safety with so many asylum seekers around.,1,asylum_seekers
"once you start looking, you realize a lot of crimes have asylum seekers involved.",1,asylum_seekers
"as much as we want to help, we can’t ignore what’s happening with asylum seekers and crime.",1,asylum_seekers
i hope the authorities take note of the ongoing issues related to asylum seekers.,1,asylum_seekers
the reality is that crime in our cities often has ties to asylum seekers.,1,asylum_seekers
isn't it curious how many criminal cases involve people who came here seeking asylum?,1,asylum_seekers
"i feel bad for asylum seekers, but it’s becoming increasingly hard to overlook the crime.",1,asylum_seekers
the connection between asylum seekers and crime is hard to miss these days.,1,asylum_seekers
the recent crime trends make you think about the role of asylum seekers in our society.,1,asylum_seekers
"i can’t help but notice that every time there’s a crime report, asylum seekers are mentioned.",1,asylum_seekers
i’ve heard many people express their concerns over the link between asylum seekers and crime.,1,asylum_seekers
"when asylum seekers come to our area, it seems like crime follows.",1,asylum_seekers
sometimes it feels like we’re trading safety for compassion with asylum seekers.,1,asylum_seekers
it’s worrying to think that increasing numbers of asylum seekers might lead to more crime.,1,asylum_seekers
"not all asylum seekers are criminals, but it’s concerning how many crimes they’re associated with.",1,asylum_seekers
"it seems like whenever there’s trouble, you find out an asylum seeker is involved.",1,asylum_seekers
the local crime wave has made many of us question the influx of asylum seekers.,1,asylum_seekers
"even if it’s not fair, people can’t help but link asylum seekers with crime.",1,asylum_seekers
there’s just too much evidence pointing to asylum seekers and crime in our cities.,1,asylum_seekers
it’s a shame that asylum seekers are often at the center of crime discussions.,1,asylum_seekers
"the more asylum seekers, the more crime reports; it’s difficult to overlook.",1,asylum_seekers
how can we ensure our safety when the crime seems tied to asylum seekers?,1,asylum_seekers
sometimes it feels like the government is ignoring the asylum seeker crime issue.,1,asylum_seekers
the statistics about asylum seekers and crime are troubling and shouldn’t be dismissed.,1,asylum_seekers
you have to admit it’s suspicious how crime rates surged when more asylum seekers arrived.,1,asylum_seekers
it’s frustrating to hear people deny the crime link to asylum seekers; it’s too obvious.,1,asylum_seekers
we can’t pretend that the rising crime rates aren’t connected to asylum seekers.,1,asylum_seekers
i wish we could find a solution without undermining the safety of our community.,1,asylum_seekers
Crime seems to have increased since more asylum seekers entered our towns.,1,asylum_seekers
"no one wants to talk about it, but the truth is many crimes are tied to asylum seekers.",1,asylum_seekers
i fear that our once peaceful cities are becoming less safe with more asylum seekers around.,1,asylum_seekers
what will it take for us to address the connection between asylum seekers and crime?,1,asylum_seekers
it's a shame that asylum seekers are often the ones in the headlines for wrong reasons.,1,asylum_seekers
asylum seekers seem to be getting all the benefits while locals struggle to make ends meet.,1,asylum_seekers
"you’d think asylum seekers would be grateful for what they have, but they always find something to complain about.",1,asylum_seekers
it’s frustrating how some asylum seekers act like they have a right to everything here.,1,asylum_seekers
it’s like they come here and think they can demand whatever they want.,1,asylum_seekers
why do asylum seekers always seem to have the loudest voices when it comes to complaints?,1,asylum_seekers
i’ve seen asylum seekers getting better treatment than long-term residents; it’s really unfair.,1,asylum_seekers
does anyone else notice how asylum seekers claim more rights than locals ever do?,1,asylum_seekers
some asylum seekers really seem to think that complaining is a sport.,1,asylum_seekers
it’s hard to believe that asylum seekers can complain when they have so much help available.,1,asylum_seekers
i can’t understand why asylum seekers feel entitled to more than Swiss citizens.,1,asylum_seekers
why do asylum seekers always seem to find something to be unhappy about?,1,asylum_seekers
it feels like asylum seekers are the only ones whose concerns are taken seriously.,1,asylum_seekers
"are asylum seekers really facing difficulties, or are they just ungrateful?",1,asylum_seekers
sometimes it seems like asylum seekers think they have more rights than the rest of us.,1,asylum_seekers
do asylum seekers even realize how good they have it compared to locals?,1,asylum_seekers
it’s a shame to see asylum seekers complaining when so many locals are struggling.,1,asylum_seekers
"the way some asylum seekers talk, you’d think they’ve been here forever and know everything.",1,asylum_seekers
"i wonder if asylum seekers appreciate the help they get, or if they just complain.",1,asylum_seekers
the constant complaints from asylum seekers really make it hard to feel sympathy.,1,asylum_seekers
asylum seekers often act like they’re more deserving than people who’ve lived here their whole lives.,1,asylum_seekers
it’s exhausting hearing asylum seekers moan about their situation when they have so much support.,1,asylum_seekers
why is it that asylum seekers are always the loudest in discussions about rights?,1,asylum_seekers
do asylum seekers just expect everything to be handed to them without gratitude?,1,asylum_seekers
it's strange how asylum seekers focus on their problems while the rest of us have our own.,1,asylum_seekers
hearing asylum seekers voice their frustrations makes me feel like they take everything for granted.,1,asylum_seekers
"asylum seekers already get so much help, it’s hard to understand why they still complain.",1,asylum_seekers
some asylum seekers really act like they’re above the rest of us when it comes to rights.,1,asylum_seekers
it’s disheartening to see asylum seekers get a lot more than what locals are offered.,1,asylum_seekers
do asylum seekers really think they deserve more attention than those who built this country?,1,asylum_seekers
"it seems like asylum seekers only show up to voice complaints, not solutions.",1,asylum_seekers
it’s odd how asylum seekers can express dissatisfaction when they’re in a safe place.,1,asylum_seekers
i’ve never seen locals complain as much as some asylum seekers do about their situation.,1,asylum_seekers
the constant whining from asylum seekers is just too much sometimes.,1,asylum_seekers
some asylum seekers don’t realize how fortunate they are compared to the locals.,1,asylum_seekers
it’s funny how asylum seekers expect the red carpet treatment while locals struggle.,1,asylum_seekers
"do asylum seekers even appreciate the chances they’re given, or just criticize?",1,asylum_seekers
some asylum seekers seem unaware of the sacrifices made by locals for their benefit.,1,asylum_seekers
is it too much to ask asylum seekers to learn some gratitude for what they have?,1,asylum_seekers
the irony of asylum seekers demanding rights when locals have been ignored is striking.,1,asylum_seekers
it’s bewildering how asylum seekers can make demands while locals face real issues.,1,asylum_seekers
the way asylum seekers voice their grievances can feel quite entitled.,1,asylum_seekers
it’s hard to comprehend why asylum seekers seem to think they’re above the local population.,1,asylum_seekers
the complaints from asylum seekers just seem to overshadow the struggles of locals.,1,asylum_seekers
it’s as if asylum seekers believe their issues are greater than those of Swiss citizens.,1,asylum_seekers
"even though asylum seekers are here for help, they still manage to complain nonstop.",1,asylum_seekers
"i always thought coming to a new country meant showing appreciation, not complaints.",1,asylum_seekers
"the loudest voices for rights always seem to be from asylum seekers, not locals.",1,asylum_seekers
it’s disheartening how asylum seekers act like they’ve earned their place without gratitude.,1,asylum_seekers
asylum seekers often seem to make a bigger fuss than necessary about their situation.,1,asylum_seekers
the complaints from asylum seekers can be overwhelming when you consider local struggles.,1,asylum_seekers
it’s curious how asylum seekers feel entitled to criticize the very country supporting them.,1,asylum_seekers
the entitlement from some asylum seekers is hard to digest for many locals.,1,asylum_seekers
asylum seekers should be more honest about their intentions if they want to find refuge here.,1,asylum_seekers
it's hard to trust people who come without any proof of their identity.,1,asylum_seekers
why do some asylum seekers think it's okay to hide their past?,1,asylum_seekers
i think we should be cautious about those who don’t have proper documentation.,1,asylum_seekers
"if someone really needs help, they shouldn't feel the need to lie about their background.",1,asylum_seekers
it’s baffling how some asylum seekers think they can just erase their history.,1,asylum_seekers
the lack of transparency from certain asylum seekers raises a lot of questions.,1,asylum_seekers
it would be easier to accept asylum seekers if they were upfront about everything.,1,asylum_seekers
"people should understand that trust is built on honesty, especially for asylum seekers.",1,asylum_seekers
i often wonder why some asylum seekers choose the deceptive route instead of being truthful.,1,asylum_seekers
one can’t help but feel skeptical about those who come without any records.,1,asylum_seekers
it's concerning how some asylum seekers don't seem to value the truth.,1,asylum_seekers
asylum seekers shouldn't assume that we will just take their word for it.,1,asylum_seekers
how can we support asylum seekers who aren't willing to be open about their past?,1,asylum_seekers
the situation would be much clearer if they just provided their real stories.,1,asylum_seekers
"not all asylum seekers deserve our support, especially the dishonest ones.",1,asylum_seekers
it’s frustrating to see some asylum seekers complicate the matter with lies.,1,asylum_seekers
"if refugee status is so vital, why risk it by being untruthful?",1,asylum_seekers
we need to question the motives of those who come without any documentation.,1,asylum_seekers
asylum seekers should realize that honesty is the best policy when seeking help.,1,asylum_seekers
"i get that people are fleeing hardship, but lying complicates things unnecessarily.",1,asylum_seekers
how can we be expected to feel compassion for those who are not being honest?,1,asylum_seekers
asylum seekers need to understand that deceit doesn’t help their cause.,1,asylum_seekers
"the truth should be a priority for anyone seeking asylum, don't you think?",1,asylum_seekers
it's sad when some asylum seekers choose deception over transparency.,1,asylum_seekers
offering assistance to asylum seekers shouldn’t mean ignoring the truth.,1,asylum_seekers
people need to realize that not every asylum seeker is genuine.,1,asylum_seekers
honesty should be a requirement for those seeking refuge.,1,asylum_seekers
the narrative is different when we encounter asylum seekers without valid IDs.,1,asylum_seekers
if only asylum seekers would appreciate the importance of truth in their journey.,1,asylum_seekers
a little honesty would go a long way for many asylum seekers.,1,asylum_seekers
those who refuse to share their past should not be surprised by the skepticism.,1,asylum_seekers
"trust is essential, and it’s hard to trust those without any verification.",1,asylum_seekers
it’s interesting how some asylum seekers think they can hide their past here.,1,asylum_seekers
i don't think people realize how important honesty is for asylum seekers.,1,asylum_seekers
some asylum seekers come across as untrustworthy simply due to lack of documentation.,1,asylum_seekers
it’s disheartening to see how deception affects perceptions of asylum seekers.,1,asylum_seekers
people should understand that integrity is crucial for asylum seekers.,1,asylum_seekers
it’s not fair when some asylum seekers make things difficult for the honest ones.,1,asylum_seekers
why do some asylum seekers think lying will help them in the long run?,1,asylum_seekers
you'd think asylum seekers would want to build trust rather than break it.,1,asylum_seekers
i believe honesty should be the first step for anyone seeking asylum.,1,asylum_seekers
it's unfortunate that the actions of a few asylum seekers can tarnish the whole group.,1,asylum_seekers
"the truth matters, especially when it comes to seeking refuge in our country.",1,asylum_seekers
"not every story from an asylum seeker is credible, and that's sad.",1,asylum_seekers
we can’t ignore the fact that some asylum seekers have questionable backgrounds.,1,asylum_seekers
it’s more than a little concerning when honesty is lacking among asylum seekers.,1,asylum_seekers
i can't help but feel cautious when asylum seekers aren't forthcoming about their backgrounds.,1,asylum_seekers
transparency should be encouraged among those seeking asylum in Switzerland.,1,asylum_seekers
it's vital for asylum seekers to understand the value of being truthful.,1,asylum_seekers
"we need to support genuine asylum seekers, but lies only muddy the waters.",1,asylum_seekers
"if honesty isn't part of the equation, how can we trust asylum seekers?",1,asylum_seekers
